,NIT,SXT,CIP,LVX
0,True,True,True,False
1,True,True,True,True
2,True,True,True,True
3,True,True,True,True
4,True,True,False,False
5,True,True,True,False
6,True,True,False,False
7,True,True,True,True
8,True,False,True,True
9,True,True,True,True
10,True,True,True,True
11,True,True,False,False
12,True,True,False,True
13,True,True,True,True
14,True,True,True,True
15,True,True,True,False
16,True,True,True,True
17,True,True,True,True
18,True,False,False,False
19,True,True,True,True
20,True,True,True,True
21,True,True,True,True
22,True,True,True,True
23,True,True,True,True
24,True,True,True,True
25,True,True,True,True
26,True,True,True,True
27,True,True,True,True
28,True,True,True,True
29,False,True,False,False
30,True,False,True,True
31,True,True,True,True
32,True,True,True,True
33,True,True,False,False
34,True,True,True,True
35,True,True,False,True
36,True,True,True,True
37,True,False,False,False
38,True,True,True,True
39,True,True,True,True
40,True,True,True,True
41,True,True,True,True
42,True,True,True,True
43,True,False,False,True
44,True,True,True,True
45,True,True,True,True
46,True,True,True,True
47,False,False,False,False
48,True,True,True,True
49,True,True,True,True
50,True,True,True,True
51,True,True,True,True
52,True,True,True,True
53,True,True,False,False
54,True,True,True,True
55,True,True,True,True
56,True,True,True,True
57,True,True,True,True
58,True,False,True,True
59,True,True,True,True
60,True,True,True,True
61,True,True,True,True
62,True,True,True,True
63,True,True,True,True
64,True,True,True,True
65,True,True,True,True
66,True,False,False,False
67,True,False,False,False
68,True,True,True,True
69,True,True,True,True
70,True,True,True,True
71,True,True,True,True
72,True,False,False,False
73,True,True,False,False
74,True,True,False,False
75,True,True,True,True
76,True,True,True,True
77,True,True,True,True
78,True,True,True,True
79,True,True,True,True
80,True,True,True,False
81,True,True,True,True
82,True,True,True,True
83,True,True,True,True
84,True,True,True,True
85,True,True,True,True
86,True,True,False,True
87,True,True,False,False
88,True,True,True,True
89,True,True,True,True
90,True,True,True,True
91,True,True,True,True
92,True,False,False,False
93,True,True,True,True
94,True,True,True,True
95,True,True,False,False
96,True,True,True,True
97,True,True,False,False
98,True,True,False,False
99,True,True,True,True
100,True,True,True,True
101,True,True,True,True
102,True,True,True,True
103,True,True,False,False
104,True,True,True,True
105,True,True,True,False
106,True,True,False,False
107,True,True,True,True
108,True,True,True,True
109,True,True,True,True
110,True,True,True,True
111,True,True,True,True
112,True,True,True,True
113,True,True,False,False
114,True,True,True,True
115,True,True,False,False
116,True,True,True,True
117,True,True,True,True
118,True,True,True,True
119,True,True,False,False
120,True,True,True,True
121,True,True,True,True
122,True,True,True,True
123,True,True,True,True
124,True,True,True,True
125,True,True,False,False
126,True,True,False,False
127,True,True,True,True
128,True,True,True,True
129,True,True,True,True
130,True,True,True,True
131,True,True,False,False
132,True,True,True,True
133,True,True,False,False
134,False,False,False,False
135,True,True,True,True
136,True,True,True,True
137,True,True,False,False
138,True,True,True,True
139,True,True,True,True
140,True,True,True,True
141,True,True,True,True
142,True,False,False,False
143,True,True,False,False
144,True,True,True,True
145,True,False,False,False
146,True,True,True,True
147,True,False,True,True
148,True,True,True,True
149,True,True,True,True
150,True,True,True,True
151,True,True,True,True
152,True,True,False,False
153,True,True,True,True
154,True,True,False,False
155,True,True,True,True
156,True,True,False,False
157,True,True,True,True
158,True,True,True,True
159,True,False,False,False
160,True,False,False,False
161,True,True,True,True
162,True,True,True,True
163,True,True,True,True
164,True,True,False,False
165,True,True,True,True
166,True,True,True,True
167,True,False,False,False
168,True,True,True,True
169,True,True,True,True
170,True,True,True,True
171,True,False,False,False
172,True,True,True,False
173,True,True,False,False
174,True,True,True,True
175,True,True,True,True
176,True,True,True,True
177,True,True,False,False
178,True,True,True,True
179,True,True,True,True
180,True,False,False,False
181,True,True,True,True
182,True,True,True,True
183,True,True,True,True
184,True,True,True,True
185,True,True,False,True
186,True,True,True,True
187,True,True,False,False
188,True,True,True,True
189,True,True,True,False
190,True,True,False,False
191,True,True,True,True
192,True,True,False,False
193,True,True,True,True
194,True,True,False,False
195,True,True,True,True
196,True,True,True,True
197,True,True,False,False
198,True,True,False,False
199,True,True,False,False
200,True,True,True,True
201,True,True,True,True
202,True,True,True,True
203,True,True,True,True
204,True,True,True,True
205,True,True,True,True
206,True,False,False,False
207,True,True,True,False
208,True,True,True,True
209,True,True,True,True
210,True,True,True,True
211,True,True,True,True
212,True,False,False,False
213,True,True,True,False
214,True,False,False,False
215,True,True,False,False
216,True,False,False,False
217,True,True,True,True
218,True,True,False,False
219,True,True,True,True
220,True,True,True,True
221,True,True,True,True
222,True,True,True,True
223,True,True,True,True
224,True,True,True,True
225,True,False,False,False
226,True,True,True,True
227,True,True,True,True
228,True,True,True,True
229,True,True,True,True
230,True,True,True,True
231,True,True,True,True
232,True,True,False,False
233,True,True,True,True
234,True,True,True,True
235,True,False,False,False
236,True,True,True,True
237,True,True,True,True
238,True,True,True,True
239,True,True,True,True
240,True,True,True,True
241,True,True,True,True
242,True,True,True,True
243,True,True,True,True
244,True,True,True,True
245,True,True,False,False
246,True,True,True,False
247,True,True,False,False
248,True,True,True,True
249,False,True,False,False
250,True,True,True,True
251,True,True,True,True
252,True,True,False,False
253,True,True,False,False
254,True,True,True,True
255,True,False,False,False
256,True,True,True,True
257,True,True,False,False
258,True,True,True,False
259,True,True,True,True
260,True,True,True,True
261,True,True,True,True
262,True,True,False,True
263,True,True,False,False
264,True,True,True,True
265,True,True,True,True
266,True,False,True,True
267,True,False,True,True
268,True,True,True,True
269,True,True,True,True
270,True,True,False,False
271,True,True,True,True
272,True,True,False,False
273,True,True,True,True
274,True,True,True,True
275,True,True,True,True
276,True,True,True,True
277,True,True,False,False
278,True,True,True,True
279,True,True,True,True
280,True,True,False,False
281,True,True,False,False
282,True,True,True,True
283,True,True,True,True
284,True,True,True,True
285,True,True,True,True
286,True,True,True,True
287,True,True,True,True
288,True,True,True,True
289,True,True,True,True
290,True,True,True,True
291,True,True,True,True
292,True,True,True,True
293,True,True,False,False
294,True,True,True,True
295,True,True,False,False
296,True,True,True,True
297,True,True,True,True
298,True,True,True,False
299,True,True,True,True
300,True,True,False,False
301,True,True,True,True
302,True,True,True,True
303,True,True,True,False
304,True,True,True,True
305,True,False,False,False
306,True,True,True,True
307,True,True,True,True
308,True,True,True,True
309,True,True,True,True
310,True,True,True,True
311,True,True,True,True
312,True,True,False,False
313,True,True,False,False
314,True,True,True,True
315,True,True,True,True
316,True,True,True,True
317,True,True,True,True
318,True,True,True,False
319,True,True,True,True
320,True,True,True,True
321,True,False,False,False
322,True,False,False,True
323,True,True,True,True
324,True,True,True,True
325,True,True,False,False
326,True,True,True,True
327,True,True,True,True
328,True,True,True,True
329,True,True,True,True
330,True,True,True,True
331,True,True,False,False
332,True,True,True,False
333,True,True,True,True
334,True,True,False,False
335,True,True,True,False
336,True,True,False,False
337,True,True,True,False
338,True,True,True,True
339,True,True,False,False
340,True,False,False,False
341,True,True,True,True
342,True,True,False,False
343,False,True,False,False
344,True,True,True,True
345,True,True,True,True
346,True,True,True,True
347,True,True,True,True
348,True,True,False,False
349,True,True,True,True
350,True,True,True,True
351,True,True,True,True
352,True,False,False,False
353,True,True,True,True
354,True,True,False,False
355,True,True,False,False
356,True,True,True,True
357,True,True,True,True
358,True,False,False,False
359,True,True,True,True
360,True,True,True,True
361,True,True,True,True
362,True,True,True,False
363,True,True,True,True
364,True,True,False,False
365,True,True,True,True
366,True,True,True,True
367,True,False,False,True
368,True,True,True,True
369,True,False,False,False
370,True,True,True,True
371,True,True,True,False
372,True,True,True,True
373,True,True,True,True
374,True,True,True,True
375,True,True,True,True
376,True,False,False,False
377,True,True,False,False
378,True,True,True,True
379,True,True,True,True
380,True,True,True,True
381,True,True,True,True
382,True,True,True,True
383,True,True,True,True
384,True,True,True,True
385,True,True,True,True
386,True,True,True,True
387,True,True,True,True
388,True,True,True,True
389,True,True,True,True
390,True,True,True,True
391,True,True,True,True
392,True,True,True,True
393,True,True,False,False
394,True,True,True,True
395,True,True,True,True
396,True,True,True,True
397,True,True,True,True
398,True,True,False,False
399,True,True,False,False
400,True,True,True,True
401,True,False,False,False
402,True,True,True,True
403,True,True,True,True
404,True,True,True,True
405,True,True,True,True
406,True,True,True,False
407,True,True,True,True
408,True,True,False,False
409,True,True,True,True
410,True,True,True,True
411,True,True,True,True
412,True,True,False,False
413,True,True,True,True
414,True,True,True,True
415,True,True,False,True
416,True,True,False,False
417,True,True,True,True
418,True,True,True,True
419,True,True,True,True
420,True,True,False,False
421,True,True,True,True
422,True,True,True,True
423,True,True,True,True
424,True,True,False,False
425,True,True,True,True
426,True,True,False,False
427,True,True,True,True
428,True,True,True,True
429,True,True,True,True
430,True,True,True,False
431,True,True,False,False
432,True,True,True,True
433,True,True,False,False
434,True,True,True,True
435,True,False,True,True
436,True,True,True,True
437,True,True,True,True
438,True,True,True,True
439,True,True,True,True
440,True,True,True,True
441,True,True,True,True
442,True,True,True,True
443,True,True,True,True
444,True,True,True,True
445,True,True,True,True
446,True,False,True,True
447,True,True,False,False
448,True,True,True,True
449,True,True,True,True
450,True,True,True,True
451,True,True,False,False
452,True,True,True,True
453,True,True,True,True
454,True,True,True,True
455,True,True,True,True
456,True,True,False,True
457,True,True,False,False
458,True,True,False,False
459,True,False,False,False
460,True,False,False,True
461,True,True,True,False
462,True,True,True,True
463,True,True,True,True
464,True,True,False,False
465,True,True,True,True
466,True,True,True,True
467,True,True,True,True
468,True,True,True,True
469,True,True,True,True
470,True,True,True,True
471,True,True,False,False
472,True,True,True,True
473,True,True,True,True
474,True,True,True,True
475,True,False,False,False
476,True,True,True,True
477,True,True,True,True
478,True,True,True,True
479,True,True,True,True
480,True,True,False,False
481,True,True,False,False
482,True,True,True,False
483,True,True,False,True
484,True,True,True,True
485,True,True,True,True
486,True,True,True,True
487,True,True,False,False
488,True,True,True,True
489,True,True,True,True
490,True,True,True,True
491,True,True,True,True
492,True,True,True,True
493,True,True,True,False
494,True,True,True,True
495,True,True,True,True
496,True,True,False,False
497,True,False,False,False
498,True,True,True,True
499,True,True,False,False
500,True,True,True,True
501,True,True,True,True
502,True,True,True,True
503,True,False,False,False
504,True,True,True,False
505,True,True,True,True
506,True,True,True,True
507,True,True,False,False
508,True,True,True,True
509,True,True,True,True
510,True,True,True,True
511,True,True,False,False
512,True,True,True,True
513,True,True,True,True
514,True,True,True,True
515,True,True,False,False
516,True,True,True,True
517,True,True,True,True
518,True,True,True,True
519,True,True,False,True
520,True,True,True,True
521,True,True,True,True
522,True,True,True,True
523,True,True,True,True
524,True,True,False,False
525,True,True,True,True
526,True,True,False,False
527,True,True,True,True
528,False,True,False,False
529,True,True,True,True
530,True,True,True,True
531,True,True,True,True
532,True,True,True,True
533,True,True,True,True
534,True,True,False,True
535,True,True,True,True
536,True,True,True,False
537,True,True,True,True
538,True,True,True,True
539,True,True,True,True
540,True,True,True,True
541,True,True,True,True
542,True,True,True,True
543,True,False,False,False
544,True,True,True,True
545,True,True,True,True
546,True,True,True,False
547,True,True,True,True
548,True,True,True,True
549,True,True,True,True
550,True,True,True,True
551,True,True,False,False
552,True,True,True,True
553,True,True,False,False
554,True,True,True,False
555,True,True,True,True
556,True,True,True,True
557,True,True,True,True
558,True,True,True,True
559,True,True,True,True
560,True,True,True,True
561,True,True,True,True
562,True,True,False,False
563,True,True,False,False
564,True,True,True,True
565,True,True,True,True
566,True,True,False,False
567,True,True,True,True
568,True,True,True,True
569,True,True,False,False
570,True,True,True,True
571,True,True,True,True
572,True,True,True,True
573,True,True,True,True
574,True,True,False,False
575,True,True,True,True
576,True,True,True,True
577,True,False,True,True
578,True,True,True,True
579,False,True,False,False
580,True,True,True,True
581,True,False,False,False
582,True,True,True,True
583,True,True,True,True
584,True,True,True,True
585,True,True,True,True
586,True,True,True,True
587,True,True,True,True
588,True,True,True,True
589,True,True,True,True
590,True,True,True,True
591,True,True,False,False
592,False,False,False,False
593,True,True,True,True
594,False,False,False,False
595,True,True,True,True
596,True,True,True,True
597,True,True,True,True
598,True,True,True,True
599,True,True,True,True
600,True,True,True,True
601,True,True,True,True
602,True,True,True,True
603,True,False,False,False
604,True,False,False,False
605,True,False,False,False
606,True,True,True,True
607,True,True,True,True
608,True,False,False,True
609,True,True,True,True
610,True,True,False,False
611,True,True,True,True
612,True,True,True,True
613,False,True,True,True
614,True,True,True,True
615,True,True,True,True
616,True,False,True,True
617,True,True,True,True
618,True,True,True,True
619,True,True,True,True
620,True,True,True,True
621,True,True,True,True
622,True,True,True,True
623,True,True,True,True
624,True,True,False,False
625,True,True,True,True
626,True,True,False,False
627,True,True,True,True
628,True,True,True,True
629,True,True,True,True
630,True,True,True,True
631,True,True,True,True
632,True,True,True,True
633,True,True,False,False
634,True,True,True,True
635,True,False,False,False
636,True,True,True,True
637,True,True,True,True
638,True,True,False,False
639,True,True,True,True
640,True,True,True,True
641,True,True,True,True
642,True,True,False,False
643,True,True,True,True
644,True,True,True,True
645,True,True,True,True
646,True,True,True,True
647,True,True,True,True
648,True,True,True,True
649,True,True,True,True
650,True,False,False,False
651,True,True,True,False
652,True,True,True,True
653,True,False,False,False
654,True,True,False,False
655,True,True,True,True
656,True,True,True,True
657,True,False,False,False
658,True,True,True,True
659,True,True,False,False
660,True,True,True,True
661,True,True,True,True
662,True,True,True,True
663,True,True,False,False
664,True,True,True,True
665,True,True,True,True
666,True,True,True,True
667,True,True,True,True
668,True,True,True,True
669,True,True,False,False
670,True,True,True,True
671,True,True,True,True
672,True,True,True,False
673,True,True,True,True
674,True,True,True,True
675,True,True,True,True
676,True,True,True,True
677,True,True,True,True
678,True,True,True,True
679,True,True,True,True
680,True,True,False,False
681,True,True,True,True
682,True,True,True,True
683,False,False,False,False
684,True,True,True,True
685,True,True,True,True
686,True,True,True,True
687,True,True,True,True
688,True,True,True,True
689,True,False,False,False
690,True,True,False,False
691,True,True,True,True
692,True,True,False,False
693,True,True,True,True
694,True,True,True,True
695,True,True,False,False
696,True,True,True,True
697,True,True,True,True
698,True,True,True,True
699,False,True,False,False
700,True,True,True,True
701,True,True,True,True
702,True,True,True,True
703,True,True,True,True
704,True,True,True,True
705,True,True,False,False
706,True,True,True,True
707,True,True,True,True
708,True,True,True,True
709,True,True,True,True
710,True,True,True,True
711,True,True,True,True
712,True,True,True,False
713,True,True,False,False
714,True,True,True,True
715,True,True,True,True
716,True,True,False,True
717,True,True,True,True
718,True,True,True,True
719,True,True,True,True
720,True,True,False,False
721,True,True,True,True
722,True,True,True,True
723,True,True,True,True
724,True,True,True,True
725,True,True,True,True
726,True,True,False,False
727,True,True,True,True
728,True,False,False,False
729,True,True,True,True
730,True,True,True,True
731,True,True,True,True
732,True,True,True,True
733,True,True,False,False
734,True,True,True,True
735,True,True,True,True
736,True,True,True,True
737,True,True,True,True
738,True,True,True,False
739,True,True,True,True
740,True,True,False,False
741,True,True,True,True
742,True,True,True,True
743,True,True,True,True
744,True,True,True,True
745,True,True,True,True
746,True,True,True,True
747,True,True,True,True
748,True,True,True,True
749,True,True,True,True
750,True,True,True,True
751,True,True,True,True
752,True,True,True,True
753,True,True,True,True
754,True,True,True,True
755,True,True,True,True
756,True,True,True,True
757,True,False,False,False
758,True,True,True,True
759,True,True,True,True
760,True,True,True,True
761,True,True,True,True
762,True,True,True,True
763,True,True,True,True
764,True,True,True,True
765,True,True,True,True
766,True,True,False,False
767,True,True,True,True
768,True,True,True,True
769,True,False,False,False
770,True,True,True,True
771,True,True,True,True
772,True,True,True,True
773,True,True,False,False
774,True,True,True,True
775,True,True,True,True
776,True,True,True,True
777,True,True,True,True
778,True,True,True,True
779,True,True,False,True
780,True,True,True,True
781,True,True,True,True
782,True,True,True,True
783,True,True,True,True
784,True,True,True,True
785,True,False,False,False
786,True,True,True,True
787,True,True,True,True
788,True,True,True,True
789,True,True,True,True
790,True,True,False,False
791,True,True,True,True
792,True,True,False,True
793,True,True,False,False
794,True,True,True,True
795,True,True,True,True
796,True,True,True,True
797,True,True,True,True
798,True,True,True,True
799,True,True,False,False
800,True,True,True,True
801,True,False,False,False
802,True,True,True,True
803,False,False,False,False
804,True,True,False,False
805,True,True,False,False
806,True,True,True,True
807,True,True,True,True
808,True,False,False,False
809,True,False,False,False
810,True,True,True,True
811,True,True,True,True
812,True,True,True,True
813,True,True,True,True
814,True,True,True,True
815,True,True,True,True
816,True,True,True,True
817,True,True,True,True
818,True,False,False,False
819,True,True,True,True
820,True,True,True,True
821,True,False,True,True
822,True,True,True,True
823,True,True,True,True
824,True,True,True,True
825,True,True,True,True
826,True,False,False,False
827,True,True,False,False
828,True,True,True,True
829,True,True,True,True
830,True,True,True,True
831,True,True,False,False
832,True,True,False,False
833,True,True,False,False
834,True,True,True,True
835,True,True,False,False
836,True,True,False,False
837,True,True,True,True
838,True,True,True,True
839,True,True,False,False
840,True,True,True,True
841,True,True,True,True
842,True,True,False,False
843,True,True,True,True
844,True,True,True,True
845,True,False,False,False
846,True,True,True,True
847,True,True,True,True
848,True,True,False,False
849,True,True,True,True
850,True,True,True,True
851,True,True,False,False
852,True,True,True,True
853,True,True,True,False
854,True,True,True,True
855,True,True,True,True
856,True,True,False,False
857,True,True,True,True
858,True,True,False,False
859,True,True,True,True
860,True,True,True,True
861,True,True,True,True
862,True,True,True,True
863,True,True,True,True
864,True,True,True,True
865,True,True,True,False
866,True,True,True,True
867,True,True,True,True
868,True,True,False,False
869,True,True,True,False
870,True,True,True,True
871,False,True,False,False
872,True,True,True,True
873,True,True,True,True
874,True,True,True,True
875,True,True,True,True
876,True,True,True,True
877,True,True,False,True
878,True,True,True,True
879,True,True,True,True
880,True,True,True,True
881,True,True,False,False
882,True,True,True,True
883,True,True,True,True
884,True,True,True,True
885,True,True,False,False
886,True,False,False,False
887,True,True,True,True
888,True,False,False,False
889,True,True,True,True
890,True,True,False,False
891,True,True,True,True
892,True,True,True,True
893,True,True,True,True
894,True,True,True,True
895,True,True,True,True
896,True,True,False,True
897,True,True,True,True
898,True,True,True,True
899,True,True,True,True
900,True,False,True,True
901,True,True,False,False
902,True,True,True,True
903,True,False,False,False
904,True,True,True,True
905,True,True,False,False
906,True,True,True,True
907,True,False,True,True
908,True,True,True,True
909,True,True,True,True
910,True,True,True,True
911,True,True,True,True
912,True,True,True,True
913,True,True,False,False
914,True,True,False,False
915,True,True,False,False
916,True,True,True,True
917,True,True,True,True
918,True,True,True,True
919,True,True,True,False
920,True,True,True,True
921,True,True,True,True
922,False,True,False,False
923,True,True,True,True
924,True,True,False,False
925,True,True,False,False
926,True,True,False,False
927,True,True,True,True
928,True,False,True,True
929,True,True,True,True
930,True,True,False,False
931,True,True,True,True
932,True,True,True,True
933,True,True,True,True
934,True,True,True,True
935,True,True,False,False
936,True,True,False,False
937,True,True,True,True
938,True,True,True,True
939,True,False,False,False
940,True,True,True,True
941,True,True,True,True
942,True,False,False,False
943,True,True,True,True
944,True,True,False,False
945,True,True,True,True
946,True,True,True,True
947,True,True,True,True
948,True,True,True,True
949,True,True,True,False
950,True,True,False,False
951,True,True,True,True
952,True,True,True,True
953,True,True,True,True
954,True,True,True,True
955,True,True,True,True
956,True,True,True,True
957,True,True,True,True
958,True,True,True,True
959,True,True,False,False
960,True,True,True,True
961,True,True,True,True
962,True,True,True,True
963,True,True,True,True
964,True,True,True,True
965,True,True,True,True
966,True,False,False,False
967,True,True,True,True
968,True,True,True,True
969,False,False,False,False
970,True,False,True,True
971,True,True,True,True
972,True,True,True,True
973,True,True,True,True
974,True,True,True,True
975,True,True,True,True
976,True,True,False,False
977,True,True,False,False
978,True,False,False,False
979,True,True,True,True
980,True,True,True,True
981,True,True,True,True
982,True,True,True,True
983,True,True,True,True
984,True,True,True,True
985,True,True,True,True
986,True,False,False,False
987,True,True,False,False
988,True,True,True,True
989,True,True,True,True
990,True,True,True,True
991,True,True,True,True
992,True,True,False,False
993,True,True,True,True
994,True,True,False,False
995,True,True,True,True
996,True,True,True,True
997,True,True,True,True
998,True,True,True,True
999,True,True,True,True
1000,True,True,False,False
1001,True,True,True,True
1002,True,True,True,True
1003,True,True,True,True
1004,True,True,True,True
1005,True,True,True,True
1006,True,True,False,False
1007,True,True,False,False
1008,True,True,True,True
1009,True,True,True,True
1010,True,True,True,True
1011,True,True,True,True
1012,True,True,True,True
1013,True,True,False,False
1014,True,True,True,True
1015,True,True,True,True
1016,True,True,False,False
1017,True,True,True,True
1018,True,True,True,True
1019,True,True,False,True
1020,True,True,False,False
1021,True,True,True,True
1022,True,True,True,True
1023,True,False,False,False
1024,True,True,True,True
1025,True,True,False,False
1026,True,True,True,True
1027,True,True,True,True
1028,True,True,False,False
1029,True,True,True,True
1030,True,True,True,True
1031,True,True,True,True
1032,True,True,True,True
1033,True,True,True,True
1034,True,True,True,True
1035,True,True,True,True
1036,True,True,True,True
1037,True,True,True,True
1038,True,True,True,True
1039,True,True,True,True
1040,True,False,False,False
1041,True,True,True,True
1042,True,True,True,True
1043,True,True,True,True
1044,True,True,True,True
1045,False,False,False,False
1046,True,True,True,True
1047,True,False,False,False
1048,True,True,True,True
1049,True,True,True,True
1050,True,True,False,False
1051,True,True,True,True
1052,True,True,False,False
1053,True,True,True,False
1054,True,True,True,False
1055,True,False,False,False
1056,True,True,True,True
1057,True,True,True,True
1058,True,True,True,True
1059,True,True,False,False
1060,True,True,False,False
1061,True,True,True,True
1062,True,True,True,True
1063,True,True,True,True
1064,True,False,False,False
1065,True,True,True,True
1066,True,True,True,True
1067,True,True,True,True
1068,True,True,True,True
1069,True,True,True,True
1070,True,True,True,False
1071,True,True,True,True
1072,True,False,False,False
1073,True,True,True,True
1074,True,True,False,False
1075,True,True,True,True
1076,True,True,True,True
1077,True,True,True,True
1078,True,True,True,False
1079,True,True,True,True
1080,True,True,True,True
1081,True,True,True,True
1082,True,True,False,False
1083,True,True,True,True
1084,True,True,True,True
1085,True,True,True,True
1086,True,True,False,False
1087,True,True,False,False
1088,True,True,False,False
1089,True,True,False,False
1090,False,False,False,False
1091,True,True,True,True
1092,True,True,True,True
1093,True,True,True,True
1094,True,True,True,True
1095,True,True,True,True
1096,True,True,True,True
1097,True,True,True,True
1098,True,True,True,True
1099,True,True,True,True
1100,True,True,True,True
1101,True,True,True,True
1102,True,True,True,True
1103,True,True,True,True
1104,True,True,True,True
1105,True,True,False,False
1106,True,True,True,True
1107,True,True,True,True
1108,True,True,True,True
1109,True,True,True,False
1110,False,True,False,False
1111,True,True,True,False
1112,True,True,False,True
1113,True,True,True,True
1114,True,True,True,True
1115,False,True,False,False
1116,True,True,False,False
1117,True,True,True,True
1118,True,True,True,True
1119,True,True,True,True
1120,True,True,True,True
1121,True,True,False,False
1122,True,True,True,True
1123,True,True,True,True
1124,True,True,False,False
1125,True,True,True,True
1126,True,True,True,False
1127,True,True,True,True
1128,True,True,True,True
1129,True,True,True,True
1130,True,True,False,False
1131,True,False,False,False
1132,True,True,False,False
1133,True,True,True,True
1134,True,True,True,True
1135,True,True,False,True
1136,True,True,True,True
1137,True,True,True,True
1138,True,True,True,True
1139,True,True,True,True
1140,True,True,False,False
1141,True,True,True,True
1142,True,True,True,True
1143,True,True,False,False
1144,True,True,True,True
1145,True,True,False,False
1146,True,True,True,True
1147,True,True,True,True
1148,True,True,True,True
1149,True,True,False,False
1150,True,True,True,True
1151,True,True,True,True
1152,True,True,False,False
1153,True,True,True,True
1154,True,True,True,True
1155,True,True,True,False
1156,True,True,False,True
1157,True,True,True,True
1158,True,True,True,True
1159,True,True,True,True
1160,True,True,True,True
1161,True,True,False,False
1162,True,True,True,True
1163,False,True,False,False
1164,True,True,True,True
1165,True,True,True,True
1166,True,True,True,True
1167,True,True,True,True
1168,True,True,True,True
1169,True,True,True,True
1170,True,True,True,False
1171,True,True,True,True
1172,True,True,True,True
1173,True,False,False,False
1174,True,False,False,False
1175,True,True,True,True
1176,True,False,False,True
1177,True,True,True,True
1178,True,True,True,False
1179,True,False,False,False
1180,True,True,True,True
1181,True,True,True,False
1182,True,True,True,True
1183,True,True,True,True
1184,True,True,True,True
1185,True,True,False,False
1186,True,True,True,True
1187,True,True,False,False
1188,True,True,True,True
1189,True,False,False,False
1190,True,True,True,True
1191,False,True,False,False
1192,True,True,True,True
1193,True,True,True,True
1194,True,True,True,True
1195,True,True,True,True
1196,True,True,False,False
1197,True,True,True,True
1198,True,True,True,True
1199,True,True,True,False
1200,True,True,True,True
1201,True,True,True,True
1202,True,True,False,False
1203,True,True,False,False
1204,True,True,False,False
1205,True,True,False,False
1206,True,True,False,False
1207,True,True,True,True
1208,True,True,False,False
1209,True,True,True,True
1210,True,True,True,True
1211,True,True,True,True
1212,True,True,True,True
1213,True,True,True,True
1214,True,True,True,True
1215,True,True,True,True
1216,True,True,False,False
1217,True,True,True,True
1218,True,True,False,True
1219,True,True,True,True
1220,True,True,False,False
1221,True,True,True,False
1222,True,True,True,True
1223,True,True,True,True
1224,True,True,True,False
1225,True,True,True,True
1226,True,True,True,True
1227,True,True,True,True
1228,True,True,True,True
1229,True,True,True,True
1230,True,True,True,True
1231,True,True,True,True
1232,True,True,True,True
1233,True,True,True,True
1234,True,False,True,False
1235,True,True,False,False
1236,True,True,True,True
1237,True,True,False,False
1238,True,True,True,True
1239,True,True,False,False
1240,True,True,True,True
1241,True,True,False,False
1242,True,True,True,True
1243,True,True,True,True
1244,True,True,True,False
1245,True,True,True,False
1246,True,True,True,True
1247,True,True,True,True
1248,True,True,False,True
1249,True,True,True,True
1250,True,True,True,True
1251,True,True,True,True
1252,True,True,True,True
1253,True,True,True,True
1254,True,True,True,True
1255,True,True,False,False
1256,True,True,False,False
1257,True,False,False,False
1258,True,True,True,True
1259,True,True,True,False
1260,True,True,True,True
1261,True,True,True,True
1262,True,True,True,True
1263,True,False,False,False
1264,True,True,True,True
1265,True,True,False,True
1266,True,True,True,True
1267,True,True,True,True
1268,True,True,True,True
1269,False,False,False,False
1270,True,True,True,True
1271,True,True,True,True
1272,True,False,False,False
1273,True,True,False,False
1274,True,True,False,False
1275,True,False,False,False
1276,True,False,False,False
1277,True,True,False,True
1278,True,True,True,False
1279,True,True,False,False
1280,False,True,False,False
1281,True,False,False,False
1282,True,True,True,True
1283,True,True,True,True
1284,True,True,True,True
1285,True,True,True,True
1286,True,True,False,False
1287,True,True,False,False
1288,True,True,True,True
1289,True,True,True,True
1290,True,True,True,False
1291,True,True,False,False
1292,True,True,True,True
1293,True,True,False,False
1294,True,True,False,False
1295,True,True,False,True
1296,True,True,True,True
1297,True,True,True,True
1298,True,True,True,True
1299,True,True,True,True
1300,True,True,True,True
1301,True,True,True,True
1302,True,True,True,True
1303,True,True,True,True
1304,True,True,False,False
1305,True,True,False,False
1306,True,True,False,False
1307,True,True,True,True
1308,True,True,True,True
1309,True,True,True,True
1310,True,True,True,True
1311,True,True,False,False
1312,True,True,True,True
1313,True,True,True,True
1314,True,True,True,True
1315,True,True,False,False
1316,True,True,True,False
1317,True,True,True,True
1318,True,True,True,False
1319,True,True,True,True
1320,True,True,True,True
1321,True,True,True,True
1322,True,True,False,False
1323,True,True,True,True
1324,True,True,True,True
1325,True,True,True,True
1326,True,True,False,False
1327,True,True,True,False
1328,True,True,True,True
1329,True,True,True,True
1330,True,True,True,True
1331,True,True,True,True
1332,True,True,True,True
1333,True,True,True,True
1334,True,True,True,True
1335,True,False,False,True
1336,True,True,True,True
1337,True,True,True,True
1338,True,True,True,True
1339,True,True,True,True
1340,True,True,True,True
1341,True,True,True,True
1342,True,True,True,True
1343,True,True,True,True
1344,True,True,True,True
1345,True,True,True,True
1346,True,True,True,True
1347,False,True,False,False
1348,True,True,False,False
1349,True,True,True,False
1350,True,True,True,True
1351,True,False,True,True
1352,True,True,True,True
1353,True,True,True,True
1354,True,True,False,False
1355,True,True,True,False
1356,True,True,False,True
1357,True,True,True,True
1358,True,True,True,True
1359,True,True,True,True
1360,True,True,True,True
1361,True,True,True,True
1362,True,True,True,True
1363,True,True,False,False
1364,True,True,True,True
1365,True,True,True,True
1366,True,False,False,False
1367,True,True,False,True
1368,True,False,False,False
1369,True,True,True,True
1370,True,True,True,True
1371,True,True,True,True
1372,True,True,True,True
1373,True,True,True,True
1374,True,True,True,True
1375,True,True,False,True
1376,True,True,True,True
1377,True,False,True,True
1378,True,True,True,True
1379,True,True,True,True
1380,True,True,True,True
1381,True,True,True,False
1382,True,True,True,True
1383,True,True,True,True
1384,True,True,True,True
1385,True,True,True,True
1386,True,True,False,False
1387,True,True,True,True
1388,True,True,True,True
1389,True,False,False,False
1390,True,True,True,True
1391,True,True,True,True
1392,True,True,True,True
1393,True,False,False,False
1394,True,True,True,True
1395,True,True,True,True
1396,True,True,True,True
1397,True,True,True,True
1398,True,True,True,True
1399,True,True,True,True
1400,True,False,False,True
1401,True,True,True,True
1402,True,True,True,True
1403,True,True,True,True
1404,True,True,True,True
1405,True,True,True,True
1406,True,True,True,True
1407,True,True,True,True
1408,True,True,True,True
1409,True,True,True,True
1410,True,False,False,False
1411,True,True,True,True
1412,True,False,False,False
1413,True,True,True,True
1414,True,True,True,True
1415,True,True,True,True
1416,True,True,True,True
1417,True,True,True,True
1418,True,False,False,False
1419,True,True,True,True
1420,True,True,True,True
1421,True,True,True,True
1422,True,False,False,False
1423,True,True,True,True
1424,True,True,False,False
1425,True,True,True,True
1426,True,True,True,False
1427,True,True,True,True
1428,True,True,True,True
1429,True,True,True,True
1430,True,True,False,False
1431,True,True,True,False
1432,True,True,True,True
1433,True,True,True,False
1434,True,True,True,True
1435,True,True,False,False
1436,True,True,True,True
1437,True,True,True,True
1438,True,True,True,True
1439,True,True,True,True
1440,True,True,True,True
1441,True,True,False,False
1442,True,True,True,True
1443,True,True,False,False
1444,True,True,True,False
1445,True,True,True,True
1446,True,True,True,True
1447,True,True,True,True
1448,True,True,False,False
1449,True,True,True,True
1450,True,True,True,True
1451,True,True,True,True
1452,True,True,False,False
1453,True,True,True,True
1454,True,True,False,False
1455,True,True,True,True
1456,True,True,True,True
1457,True,True,True,True
1458,True,True,True,True
1459,True,True,True,True
1460,True,True,True,True
1461,True,True,True,True
1462,True,True,True,True
1463,True,True,False,False
1464,True,True,True,True
1465,True,True,False,False
1466,True,True,True,True
1467,True,True,True,True
1468,True,True,True,True
1469,True,True,True,False
1470,True,True,False,False
1471,True,True,False,False
1472,True,True,True,True
1473,True,True,True,True
1474,True,True,True,True
1475,True,False,False,False
1476,True,True,True,True
1477,True,True,True,False
1478,True,True,True,True
1479,True,True,False,False
1480,True,True,True,True
1481,True,True,True,False
1482,True,True,True,True
1483,True,False,False,False
1484,True,True,True,False
1485,True,True,True,True
1486,True,True,True,True
1487,True,True,True,True
1488,True,True,True,True
1489,True,False,False,False
1490,True,True,True,True
1491,True,True,True,True
1492,True,True,True,True
1493,True,True,True,True
1494,True,True,True,True
1495,True,True,False,False
1496,True,True,True,True
1497,True,True,True,True
1498,True,True,True,True
1499,True,True,False,False
1500,True,True,True,True
1501,True,True,True,False
1502,True,True,True,True
1503,True,True,True,True
1504,True,True,False,False
1505,True,True,True,True
1506,True,True,False,False
1507,True,True,True,True
1508,True,True,True,True
1509,True,True,True,True
1510,True,True,False,False
1511,True,True,True,True
1512,True,True,True,True
1513,True,True,True,True
1514,True,True,True,True
1515,True,True,True,True
1516,True,True,True,False
1517,True,True,True,True
1518,True,True,True,True
1519,True,True,True,True
1520,True,True,True,False
1521,True,True,False,False
1522,True,True,True,True
1523,True,False,False,False
1524,True,False,False,False
1525,True,True,True,True
1526,False,True,False,False
1527,True,True,True,True
1528,True,True,True,True
1529,True,True,True,True
1530,True,True,False,True
1531,True,True,True,True
1532,True,True,False,False
1533,True,True,True,True
1534,True,True,True,True
1535,True,True,True,True
1536,True,True,False,False
1537,True,True,True,True
1538,True,True,True,True
1539,True,True,False,False
1540,True,True,True,True
1541,True,False,False,False
1542,True,False,False,False
1543,True,True,True,True
1544,True,True,True,True
1545,True,True,True,False
1546,True,True,False,False
1547,True,True,True,True
1548,True,True,True,True
1549,True,True,True,True
1550,True,True,True,True
1551,True,True,True,True
1552,True,True,True,True
1553,True,True,True,True
1554,True,True,False,False
1555,True,True,True,True
1556,True,True,True,True
1557,True,True,True,False
1558,True,True,True,True
1559,True,True,True,True
1560,True,True,True,True
1561,True,True,True,False
1562,True,False,False,False
1563,True,True,True,True
1564,True,True,True,True
1565,True,True,True,False
1566,True,True,True,True
1567,True,True,False,False
1568,True,True,True,True
1569,True,True,False,False
1570,True,True,False,False
1571,True,True,False,False
1572,True,False,False,False
1573,True,True,False,False
1574,True,True,True,True
1575,True,True,True,True
1576,True,True,False,False
1577,True,True,True,True
1578,True,False,True,True
1579,True,True,True,True
1580,True,True,False,False
1581,True,True,True,True
1582,True,True,True,True
1583,True,True,True,True
1584,True,True,True,True
1585,True,True,True,True
1586,True,True,True,True
1587,True,False,False,False
1588,True,True,True,True
1589,True,True,False,False
1590,True,True,True,True
1591,True,True,True,True
1592,True,True,False,False
1593,True,True,True,True
1594,True,True,False,False
1595,True,True,False,False
1596,True,True,False,False
1597,True,False,False,False
1598,True,True,True,True
1599,True,True,True,True
1600,True,True,True,True
1601,True,True,False,False
1602,True,True,True,True
1603,True,True,True,True
1604,True,True,True,True
1605,True,True,True,True
1606,True,True,True,True
1607,True,True,True,True
1608,True,True,True,True
1609,True,False,False,False
1610,True,True,True,True
1611,True,True,True,True
1612,True,True,True,True
1613,True,True,False,False
1614,True,True,True,True
1615,True,True,False,False
1616,True,True,False,False
1617,True,True,True,True
1618,True,True,True,True
1619,True,True,True,True
1620,True,True,True,True
1621,True,True,True,True
1622,True,True,True,True
1623,True,True,True,True
1624,True,False,True,True
1625,True,True,False,False
1626,True,False,False,False
1627,True,True,True,True
1628,True,True,False,False
1629,True,False,False,False
1630,True,True,True,True
1631,True,True,True,True
1632,True,True,True,True
1633,True,True,True,True
1634,True,True,True,True
1635,True,True,True,True
1636,True,True,True,True
1637,True,True,True,True
1638,True,True,True,True
1639,True,True,True,True
1640,True,True,True,True
1641,True,True,True,True
1642,True,True,True,True
1643,True,True,False,False
1644,True,True,False,False
1645,True,True,True,True
1646,False,True,True,True
1647,True,True,True,False
1648,True,True,True,True
1649,True,True,True,True
1650,True,True,True,True
1651,True,True,True,True
1652,True,True,False,False
1653,True,True,True,True
1654,True,True,True,True
1655,True,True,True,True
1656,True,True,True,True
1657,True,True,True,True
1658,True,True,True,True
1659,True,True,True,True
1660,True,True,True,True
1661,True,True,True,True
1662,True,True,False,False
1663,True,True,False,False
1664,True,True,True,True
1665,True,True,True,True
1666,True,True,False,False
1667,True,True,True,True
1668,True,True,True,True
1669,True,True,True,True
1670,True,True,True,True
1671,True,True,True,True
1672,True,True,True,True
1673,True,True,True,True
1674,True,True,True,False
1675,True,True,True,True
1676,True,True,False,True
1677,True,False,True,True
1678,True,True,True,True
1679,True,True,True,True
1680,True,True,True,True
1681,True,True,True,True
1682,True,False,True,True
1683,True,True,True,True
1684,True,True,True,True
1685,True,True,True,True
1686,True,True,True,True
1687,True,True,False,False
1688,False,True,True,True
1689,True,True,True,True
1690,True,False,False,False
1691,True,True,True,True
1692,True,True,True,True
1693,True,True,True,True
1694,True,True,True,True
1695,True,True,False,False
1696,True,True,False,False
1697,True,True,True,True
1698,True,True,True,True
1699,True,True,False,False
1700,True,True,True,True
1701,True,True,True,True
1702,True,True,False,False
1703,True,True,True,True
1704,True,True,False,False
1705,True,True,True,True
1706,True,True,True,True
1707,True,False,False,False
1708,True,True,False,False
1709,True,True,True,True
1710,False,False,False,False
1711,True,True,True,True
1712,True,True,True,True
1713,True,True,True,True
1714,True,True,True,True
1715,True,False,False,False
1716,True,True,True,True
1717,True,True,True,True
1718,True,True,True,True
1719,True,True,True,True
1720,True,True,True,True
1721,True,True,True,True
1722,True,True,False,False
1723,True,True,False,False
1724,True,True,True,True
1725,True,True,True,True
1726,True,True,True,False
1727,True,True,True,True
1728,True,True,True,True
1729,True,True,True,True
1730,True,True,True,True
1731,True,True,True,True
1732,True,True,False,False
1733,True,True,True,True
1734,True,True,True,True
1735,True,False,True,True
1736,True,True,True,True
1737,True,True,True,True
1738,True,True,False,False
1739,True,True,False,False
1740,True,True,False,False
1741,True,True,True,True
1742,False,True,False,False
1743,True,True,True,False
1744,True,True,True,True
1745,True,True,True,True
1746,True,True,True,True
1747,True,True,True,True
1748,True,True,True,True
1749,True,True,True,True
1750,True,True,True,True
1751,True,True,False,False
1752,True,True,True,True
1753,True,True,True,True
1754,True,False,False,False
1755,True,True,True,True
1756,True,True,True,False
1757,True,True,True,True
1758,True,True,True,True
1759,True,True,True,True
1760,True,True,True,True
1761,True,True,False,False
1762,True,True,False,False
1763,True,True,True,False
1764,True,True,True,True
1765,True,True,True,True
1766,True,True,True,True
1767,True,True,False,False
1768,True,True,False,False
1769,True,False,True,True
1770,True,False,True,True
1771,True,True,True,True
1772,True,True,True,True
1773,True,True,True,True
1774,True,True,True,False
1775,True,True,True,True
1776,True,True,True,True
1777,True,True,False,False
1778,True,False,True,True
1779,True,False,True,True
1780,True,True,True,True
1781,True,True,True,True
1782,True,True,True,True
1783,True,True,True,True
1784,True,True,True,True
1785,True,True,True,False
1786,True,True,True,True
1787,True,True,True,True
1788,True,True,True,True
1789,True,False,False,False
1790,True,True,True,True
1791,True,True,True,True
1792,True,True,True,True
1793,True,True,False,False
1794,True,True,True,True
1795,True,True,True,True
1796,True,True,True,True
1797,True,True,True,True
1798,True,True,False,False
1799,True,True,False,True
1800,True,True,True,True
1801,True,True,False,False
1802,True,True,False,False
1803,True,True,True,True
1804,True,True,False,False
1805,True,True,True,True
1806,True,True,True,True
1807,True,True,True,True
1808,True,True,True,False
1809,True,True,True,True
1810,True,True,True,True
1811,True,True,True,True
1812,True,True,True,True
1813,True,True,True,False
1814,True,True,True,True
1815,True,True,True,True
1816,True,True,True,True
1817,True,True,True,True
1818,True,True,True,True
1819,True,True,True,False
1820,True,True,True,True
1821,True,True,False,True
1822,True,False,False,False
1823,True,False,False,False
1824,True,True,True,True
1825,True,True,True,True
1826,True,True,True,True
1827,True,True,True,True
1828,True,True,True,True
1829,True,True,True,True
1830,True,True,True,False
1831,True,True,True,True
1832,True,True,True,False
1833,True,True,True,True
1834,True,True,True,True
1835,True,True,True,True
1836,True,True,True,True
1837,True,True,False,False
1838,True,True,True,True
1839,False,False,False,False
1840,True,False,False,False
1841,True,True,True,True
1842,True,True,False,False
1843,True,False,True,True
1844,True,True,True,True
1845,True,True,True,False
1846,True,True,True,True
1847,True,True,True,True
1848,True,True,True,True
1849,True,True,False,False
1850,True,True,False,False
1851,False,True,False,False
1852,True,True,False,False
1853,True,True,True,False
1854,True,True,True,True
1855,True,True,True,True
1856,True,True,False,False
1857,True,True,True,True
1858,True,True,True,False
1859,True,True,True,True
1860,True,True,False,False
1861,True,True,True,True
1862,True,True,True,True
1863,True,True,False,False
1864,True,True,False,False
1865,True,True,True,True
1866,True,True,True,True
1867,True,True,True,True
1868,True,True,True,True
1869,True,True,True,True
1870,True,False,False,True
1871,True,True,True,True
1872,True,False,False,False
1873,True,True,False,False
1874,True,True,True,True
1875,True,True,True,True
1876,True,True,True,True
1877,True,True,True,True
1878,True,True,True,True
1879,True,True,False,False
1880,True,False,False,False
1881,True,True,True,True
1882,True,True,True,True
1883,True,True,True,True
1884,True,True,True,True
1885,True,True,True,True
1886,True,True,True,True
1887,True,False,False,False
1888,True,True,True,True
1889,True,True,True,True
1890,True,True,True,True
1891,True,False,True,True
1892,True,True,True,True
1893,True,True,True,True
1894,True,True,True,True
1895,True,True,True,True
1896,True,True,True,True
1897,True,True,True,True
1898,True,True,True,True
1899,True,True,True,False
1900,True,True,True,True
1901,True,True,False,False
1902,True,True,False,False
1903,True,True,True,True
1904,True,True,True,True
1905,True,True,True,True
1906,True,True,True,True
1907,True,True,True,True
1908,True,True,True,True
1909,True,True,False,False
1910,True,True,True,True
1911,True,True,True,True
1912,True,True,True,True
1913,True,True,True,True
1914,True,True,True,True
1915,True,True,True,True
1916,True,True,True,True
1917,True,True,True,True
1918,True,True,True,True
1919,True,True,True,True
1920,True,True,True,True
1921,True,True,True,True
1922,True,True,True,True
1923,True,True,True,True
1924,True,True,True,True
1925,True,True,True,True
1926,True,True,True,True
1927,True,True,True,True
1928,True,True,True,True
1929,True,True,True,True
1930,True,True,True,True
1931,True,True,True,True
1932,True,True,True,True
1933,True,False,True,True
1934,True,True,True,True
1935,True,True,False,False
1936,True,True,True,True
1937,True,True,True,True
1938,True,True,True,True
1939,True,True,False,False
1940,True,True,True,True
1941,True,True,True,True
1942,True,True,True,True
1943,True,True,True,True
1944,True,True,True,False
1945,True,True,True,True
1946,True,True,True,True
1947,True,False,True,False
1948,True,True,True,True
1949,True,True,True,True
1950,True,True,False,False
1951,True,True,True,True
1952,True,True,False,True
1953,True,True,True,True
1954,True,True,True,True
1955,True,True,True,True
1956,True,True,True,True
1957,True,True,True,True
1958,True,True,True,True
1959,True,True,True,True
1960,True,True,True,True
1961,True,True,True,True
1962,True,True,False,False
1963,True,True,True,True
1964,True,True,True,True
1965,True,True,True,True
1966,True,True,True,True
1967,True,False,False,False
1968,True,True,True,True
1969,True,True,True,True
1970,True,True,True,False
1971,True,True,True,True
1972,True,True,True,True
1973,True,True,True,True
1974,True,True,True,True
1975,True,True,True,True
1976,True,True,True,True
1977,True,True,False,False
1978,True,True,True,True
1979,True,True,True,True
1980,True,True,True,True
1981,True,True,True,True
1982,False,True,False,False
1983,True,True,True,True
1984,True,False,True,True
1985,True,True,False,False
1986,True,True,False,False
1987,True,True,True,True
1988,True,True,True,True
1989,True,True,True,True
1990,False,False,False,False
1991,True,True,True,True
1992,True,False,False,True
1993,True,True,False,False
1994,True,True,False,False
1995,True,True,True,True
1996,True,False,False,False
1997,True,True,True,True
1998,True,True,True,True
1999,False,True,False,False
2000,True,False,False,False
2001,True,True,True,True
2002,True,True,False,False
2003,False,True,False,False
2004,True,True,True,True
2005,True,True,True,True
2006,True,True,True,True
2007,True,True,True,True
2008,True,True,False,False
2009,True,True,True,True
2010,True,True,True,True
2011,True,True,True,True
2012,True,True,False,False
2013,True,True,True,True
2014,True,True,False,False
2015,True,True,True,True
2016,True,False,False,False
2017,True,True,False,False
2018,True,True,True,True
2019,True,True,True,True
2020,True,True,True,True
2021,True,True,True,True
2022,True,True,False,True
2023,True,True,True,True
2024,True,True,True,True
2025,True,True,True,True
2026,True,True,True,True
2027,True,True,True,True
2028,True,True,True,True
2029,True,True,False,False
2030,True,True,True,True
2031,True,True,True,True
2032,True,True,True,True
2033,True,True,False,False
2034,True,True,True,True
2035,True,True,False,False
2036,True,True,True,True
2037,True,True,True,True
2038,True,True,True,True
2039,True,True,False,False
2040,True,True,True,True
2041,True,True,True,True
2042,True,True,True,True
2043,True,True,True,True
2044,True,True,False,False
2045,True,True,False,False
2046,True,True,True,True
2047,True,False,False,False
2048,True,True,True,True
2049,True,True,True,True
2050,True,True,True,True
2051,True,True,True,True
2052,True,True,True,True
2053,True,True,False,False
2054,True,True,True,True
2055,True,False,True,True
2056,True,True,True,True
2057,True,True,True,True
2058,True,True,False,False
2059,True,True,True,True
2060,True,True,False,False
2061,True,True,True,True
2062,True,True,True,False
2063,True,True,True,True
2064,True,True,False,False
2065,True,True,False,False
2066,True,False,False,False
2067,True,True,True,True
2068,True,True,True,False
2069,True,True,True,True
2070,True,True,True,True
2071,True,True,True,True
2072,True,True,False,False
2073,True,True,True,True
2074,True,True,True,True
2075,True,True,True,True
2076,True,True,True,False
2077,True,True,False,False
2078,True,True,True,True
2079,True,True,True,True
2080,True,True,False,True
2081,True,True,True,True
2082,True,True,True,True
2083,True,True,True,True
2084,True,True,True,True
2085,True,True,False,False
2086,True,True,False,False
2087,True,False,True,True
2088,True,True,True,True
2089,True,True,True,True
2090,True,True,True,False
2091,True,True,True,True
2092,True,True,False,False
2093,True,True,False,False
2094,True,True,False,False
2095,True,True,True,True
2096,True,True,True,True
2097,True,True,True,False
2098,True,True,True,True
2099,True,True,True,True
2100,True,False,False,False
2101,True,True,True,True
2102,True,True,True,False
2103,True,True,True,True
2104,True,True,True,True
2105,True,True,True,True
2106,True,True,True,True
2107,True,True,True,True
2108,True,True,True,True
2109,True,True,True,True
2110,True,True,False,False
2111,True,True,True,True
2112,True,True,False,False
2113,True,True,False,False
2114,True,False,True,True
2115,True,True,True,True
2116,True,True,True,True
2117,True,True,True,True
2118,True,True,False,False
2119,True,True,True,True
2120,True,True,True,True
2121,True,True,True,True
2122,True,True,True,True
2123,True,True,True,True
2124,True,True,True,True
2125,True,True,True,True
2126,True,True,True,True
2127,True,True,True,True
2128,True,True,True,True
2129,True,True,True,True
2130,True,True,True,True
2131,False,True,False,False
2132,True,True,True,True
2133,True,True,False,False
2134,True,True,False,False
2135,True,True,True,True
2136,True,False,False,False
2137,True,True,True,True
2138,True,False,True,True
2139,True,True,True,True
2140,True,True,True,True
2141,True,True,True,True
2142,True,True,True,True
2143,True,True,True,True
2144,True,True,False,False
2145,True,True,True,True
2146,True,True,True,False
2147,True,True,True,False
2148,True,True,False,False
2149,True,True,True,True
2150,True,True,False,False
2151,True,True,True,True
2152,True,True,False,False
2153,True,True,False,False
2154,True,True,False,False
2155,True,True,True,True
2156,True,True,True,True
2157,True,True,False,False
2158,True,True,True,False
2159,True,True,True,True
2160,True,True,True,True
2161,True,False,True,True
2162,True,True,False,False
2163,True,True,True,True
2164,True,True,False,False
2165,True,True,True,True
2166,True,True,False,False
2167,True,True,True,True
2168,True,True,False,False
2169,True,True,False,True
2170,True,True,True,True
2171,True,False,True,True
2172,True,True,True,True
2173,True,True,True,True
2174,True,False,False,False
2175,True,True,True,True
2176,True,True,True,True
2177,True,True,True,True
2178,True,True,True,True
2179,True,True,True,True
2180,True,False,False,False
2181,True,True,True,True
2182,True,True,True,True
2183,True,False,False,False
2184,True,True,True,True
2185,True,True,True,True
2186,True,True,True,True
2187,True,True,False,False
2188,True,True,False,False
2189,True,True,True,True
2190,True,True,True,True
2191,True,True,True,True
2192,True,True,False,False
2193,True,False,True,True
2194,True,True,True,True
2195,True,True,True,True
2196,True,True,True,True
2197,True,True,False,True
2198,True,True,True,True
2199,True,True,False,False
2200,True,True,True,True
2201,True,True,True,True
2202,True,True,True,True
2203,True,True,False,False
2204,True,True,True,True
2205,True,True,True,True
2206,True,True,True,True
2207,True,True,True,True
2208,True,True,True,True
2209,True,True,True,True
2210,True,True,True,True
2211,True,True,True,True
2212,True,True,True,False
2213,True,True,True,False
2214,True,True,True,True
2215,True,True,True,True
2216,True,True,True,True
2217,True,True,True,True
2218,True,True,True,True
2219,True,True,True,True
2220,True,True,True,True
2221,True,True,True,True
2222,True,True,True,True
2223,False,True,False,False
2224,True,True,True,True
2225,True,True,True,True
2226,True,True,True,True
2227,True,False,False,False
2228,True,False,False,True
2229,True,True,False,False
2230,True,True,True,True
2231,True,True,True,True
2232,True,True,False,False
2233,True,True,True,True
2234,True,True,True,True
2235,True,True,True,True
2236,True,False,False,False
2237,True,True,True,True
2238,True,True,True,True
2239,True,True,True,True
2240,True,True,True,True
2241,True,True,True,True
2242,True,True,True,True
2243,True,True,False,False
2244,True,False,False,False
2245,True,False,False,False
2246,True,True,False,False
2247,True,True,True,True
2248,True,True,False,True
2249,True,True,True,True
2250,True,True,True,True
2251,True,True,True,True
2252,True,True,True,True
2253,True,True,False,False
2254,True,True,True,True
2255,True,True,True,True
2256,True,True,True,True
2257,True,True,True,True
2258,True,True,False,False
2259,True,True,True,True
2260,True,True,True,True
2261,True,False,False,False
2262,True,True,True,True
2263,True,True,True,True
2264,True,True,True,True
2265,True,True,True,True
2266,True,True,True,True
2267,True,True,True,True
2268,True,True,True,True
2269,True,True,True,True
2270,True,True,True,True
2271,True,True,True,True
2272,True,True,True,True
2273,True,False,False,False
2274,True,True,False,False
2275,True,True,True,True
2276,True,True,True,True
2277,True,True,True,True
2278,True,False,False,False
2279,True,True,True,True
2280,True,True,True,True
2281,True,True,True,True
2282,True,True,True,True
2283,True,True,False,False
2284,True,True,True,True
2285,True,True,False,False
2286,True,True,True,True
2287,True,True,True,True
2288,True,True,True,True
2289,True,True,False,False
2290,True,True,False,False
2291,True,True,True,True
2292,True,True,True,True
2293,True,False,False,False
2294,True,True,False,False
2295,True,False,False,False
2296,True,True,False,False
2297,True,True,False,False
2298,True,True,True,True
2299,True,True,True,True
2300,True,True,False,False
2301,True,True,True,True
2302,True,True,False,True
2303,True,True,False,False
2304,True,True,True,True
2305,True,True,True,False
2306,True,True,True,True
2307,True,True,True,True
2308,False,True,True,True
2309,True,True,True,True
2310,True,True,True,True
2311,True,False,False,False
2312,True,True,False,True
2313,True,True,False,False
2314,True,True,True,True
2315,True,True,True,True
2316,True,True,True,True
2317,True,True,False,False
2318,True,True,False,False
2319,False,True,False,False
2320,True,True,True,True
2321,True,True,True,True
2322,True,True,False,False
2323,True,False,False,False
2324,True,True,True,True
2325,True,True,True,True
2326,True,True,True,True
2327,True,True,True,True
2328,True,True,False,False
2329,True,True,True,True
2330,True,True,True,True
2331,True,True,True,True
2332,False,True,False,False
2333,True,True,True,True
2334,True,True,False,True
2335,True,True,True,True
2336,True,True,True,True
2337,True,True,True,True
2338,True,True,True,True
2339,True,True,False,False
2340,True,True,True,True
2341,True,False,False,False
2342,True,True,True,True
2343,True,True,True,True
2344,True,True,True,True
2345,True,True,True,True
2346,True,True,True,True
2347,True,True,True,True
2348,True,True,True,True
2349,True,True,True,True
2350,True,True,False,False
2351,True,True,True,True
2352,True,True,True,True
2353,True,True,True,True
2354,True,True,False,False
2355,True,True,True,False
2356,True,True,False,False
2357,True,True,False,False
2358,True,True,True,True
2359,True,True,True,True
2360,True,True,False,False
2361,True,True,True,True
2362,True,True,True,True
2363,True,True,True,True
2364,True,False,False,False
2365,True,True,True,True
2366,True,True,True,True
2367,True,True,False,False
2368,True,True,True,True
2369,True,True,True,True
2370,True,True,True,True
2371,True,True,True,True
2372,True,True,True,True
2373,True,True,True,True
2374,True,True,True,True
2375,True,True,True,True
2376,True,True,True,True
2377,True,True,True,True
2378,True,True,False,False
2379,True,True,True,True
2380,True,True,True,True
2381,True,False,False,False
2382,True,True,True,True
2383,True,True,True,True
2384,True,True,True,False
2385,True,True,False,False
2386,True,True,True,True
2387,True,True,True,True
2388,True,True,True,True
2389,True,True,True,True
2390,True,True,True,True
2391,True,True,True,True
2392,True,True,True,True
2393,True,True,True,True
2394,True,True,False,False
2395,True,True,True,True
2396,True,True,True,True
2397,True,True,True,True
2398,True,True,False,True
2399,True,True,False,False
2400,True,True,True,True
2401,True,True,True,True
2402,True,True,True,True
2403,True,True,True,True
2404,True,True,False,False
2405,True,True,True,False
2406,True,True,True,True
2407,True,True,True,True
2408,True,False,True,True
2409,True,True,True,True
2410,True,True,True,True
2411,True,True,False,False
2412,True,True,False,False
2413,True,True,True,False
2414,True,True,True,True
2415,True,True,True,True
2416,True,True,True,True
2417,True,True,True,True
2418,True,True,True,True
2419,True,True,False,False
2420,False,False,False,False
2421,True,True,True,True
2422,True,True,True,True
2423,True,True,True,True
2424,True,True,True,True
2425,True,True,True,True
2426,True,True,True,True
2427,True,True,True,True
2428,True,True,True,True
2429,True,True,True,True
2430,True,True,True,True
2431,True,True,True,True
2432,True,True,True,True
2433,True,True,True,True
2434,True,True,True,True
2435,True,True,True,True
2436,True,True,True,False
2437,True,True,True,True
2438,True,True,True,True
2439,True,True,False,False
2440,True,True,True,True
2441,True,True,True,True
2442,True,True,True,True
2443,True,True,True,True
2444,True,True,False,True
2445,True,True,False,False
2446,True,True,True,True
2447,True,True,True,True
2448,True,True,True,True
2449,True,True,False,False
2450,True,True,True,True
2451,True,True,False,False
2452,True,True,True,True
2453,True,False,True,True
2454,True,True,True,True
2455,True,True,True,True
2456,True,True,True,True
2457,True,True,True,True
2458,True,True,True,True
2459,True,True,True,True
2460,True,True,True,True
2461,True,True,True,True
2462,True,True,True,True
2463,True,True,False,True
2464,True,True,True,True
2465,True,True,True,True
2466,True,True,True,False
2467,True,True,True,False
2468,True,True,True,True
2469,True,True,True,True
2470,True,False,False,False
2471,True,True,True,True
2472,True,True,True,True
2473,True,True,True,True
2474,True,True,False,False
2475,True,True,True,True
2476,True,True,True,True
2477,True,True,True,True
2478,True,True,False,False
2479,True,True,True,True
2480,True,True,False,False
2481,True,True,True,True
2482,True,True,True,True
2483,True,False,False,False
2484,True,True,True,True
2485,True,True,True,True
2486,True,True,True,False
2487,True,True,False,False
2488,True,True,False,False
2489,True,True,True,True
2490,True,True,False,False
2491,True,True,True,True
2492,True,True,True,True
2493,True,True,True,True
2494,True,True,False,False
2495,True,True,True,True
2496,True,True,False,False
2497,True,True,True,True
2498,True,True,True,True
2499,True,True,True,True
2500,True,True,False,False
2501,True,True,True,True
2502,True,True,True,True
2503,True,True,True,True
2504,True,True,False,False
2505,True,True,True,False
2506,True,True,True,True
2507,True,True,True,True
2508,True,True,True,True
2509,True,True,True,True
2510,True,False,False,False
2511,True,True,True,True
2512,True,True,True,True
2513,True,True,True,True
2514,True,True,False,False
2515,True,True,True,True
2516,True,True,True,True
2517,True,True,True,True
2518,True,True,False,False
2519,True,True,True,True
2520,True,True,True,True
2521,True,True,False,False
2522,True,True,True,True
2523,True,True,True,True
2524,True,True,False,False
2525,True,True,True,False
2526,True,True,True,True
2527,True,False,False,True
2528,True,True,False,False
2529,True,True,False,False
2530,True,True,True,True
2531,True,True,False,False
2532,True,True,True,True
2533,True,True,True,True
2534,True,True,True,True
2535,True,True,True,True
2536,True,True,False,False
2537,False,True,False,False
2538,True,True,True,False
2539,True,True,True,True
2540,True,True,False,False
2541,True,True,False,False
2542,True,True,True,True
2543,True,True,True,True
2544,True,True,True,True
2545,True,True,True,True
2546,True,False,False,False
2547,True,True,True,False
2548,True,True,True,True
2549,True,True,True,True
2550,True,True,True,True
2551,True,False,False,False
2552,True,True,True,True
2553,True,True,True,True
2554,True,True,True,True
2555,True,True,True,True
2556,True,True,True,True
2557,True,True,True,True
2558,True,True,True,True
2559,True,True,True,True
2560,True,True,True,True
2561,True,True,True,True
2562,True,True,True,True
2563,True,False,False,False
2564,True,True,True,True
2565,True,True,True,True
2566,True,True,True,True
2567,True,True,True,True
2568,True,True,True,True
2569,True,True,True,False
2570,True,True,True,True
2571,True,False,False,False
2572,True,True,True,True
2573,True,False,True,True
2574,True,True,True,True
2575,True,True,True,True
2576,True,True,False,False
2577,True,True,True,True
2578,True,True,True,True
2579,True,True,True,True
2580,True,True,True,True
2581,True,True,True,True
2582,True,True,False,False
2583,True,True,True,True
2584,True,True,True,True
2585,True,True,True,True
2586,True,True,True,True
2587,True,True,True,True
2588,True,True,True,True
2589,True,True,True,True
2590,True,True,False,False
2591,True,False,True,True
2592,True,True,True,True
2593,True,True,True,True
2594,True,True,True,True
2595,True,True,True,True
2596,True,True,False,False
2597,True,True,True,True
2598,True,False,True,True
2599,True,True,True,True
2600,True,True,True,True
2601,True,False,False,False
2602,True,False,False,True
2603,True,True,True,True
2604,True,True,False,False
2605,True,True,False,True
2606,False,True,False,False
2607,True,True,False,False
2608,True,True,True,True
2609,True,True,True,True
2610,True,True,True,True
2611,True,True,True,True
2612,True,True,True,True
2613,True,False,False,False
2614,True,False,False,False
2615,True,True,False,False
2616,True,True,True,True
2617,True,True,True,False
2618,True,True,False,False
2619,True,True,True,True
2620,True,True,True,True
2621,True,True,True,False
2622,True,True,True,True
2623,True,True,True,True
2624,True,True,True,True
2625,True,True,True,True
2626,True,True,True,True
2627,True,True,True,True
2628,True,True,True,False
2629,True,True,True,True
2630,True,True,True,True
2631,True,True,True,True
2632,True,True,True,True
2633,True,True,True,True
2634,True,False,False,False
2635,True,True,True,False
2636,True,True,True,True
2637,True,True,False,False
2638,True,True,True,True
2639,True,True,True,True
2640,True,True,False,False
2641,True,True,True,True
2642,True,True,True,True
2643,True,True,True,True
2644,True,True,True,True
2645,True,True,True,True
2646,True,True,True,True
2647,True,True,True,True
2648,True,True,True,True
2649,True,True,True,True
2650,True,True,False,False
2651,True,True,False,False
2652,True,True,True,True
2653,True,True,True,True
2654,True,True,True,True
2655,True,True,True,True
2656,True,True,False,False
2657,True,True,True,True
2658,True,True,True,True
2659,True,True,True,True
2660,True,True,False,False
2661,True,True,True,True
2662,True,True,True,True
2663,True,True,True,True
2664,True,False,False,False
2665,True,True,True,True
2666,True,True,True,True
2667,True,True,True,True
2668,True,True,True,True
2669,True,True,True,True
2670,False,True,True,True
2671,False,True,False,False
2672,True,True,False,False
2673,True,True,True,True
2674,True,True,True,False
2675,True,True,True,True
2676,True,True,True,True
2677,True,True,False,True
2678,True,True,True,True
2679,True,True,True,True
2680,True,True,True,True
2681,True,True,True,True
2682,True,True,True,True
2683,True,True,True,True
2684,True,True,True,True
2685,True,True,False,True
2686,True,True,True,True
2687,True,True,True,True
2688,True,True,True,True
2689,True,True,True,True
2690,True,True,True,True
2691,True,True,True,False
2692,True,True,True,True
2693,True,True,True,True
2694,True,False,False,True
2695,True,False,False,False
2696,True,True,True,True
2697,True,True,False,False
2698,True,True,True,True
2699,True,True,True,False
2700,True,True,False,False
2701,True,True,True,True
2702,True,True,True,True
2703,True,False,False,False
2704,True,True,True,True
2705,True,True,True,True
2706,True,True,True,True
2707,True,True,True,True
2708,True,False,False,False
2709,True,True,True,True
2710,True,True,True,True
2711,True,True,True,True
2712,True,True,True,True
2713,True,True,True,True
2714,True,True,True,True
2715,True,True,True,True
2716,True,True,True,True
2717,True,True,True,True
2718,True,True,True,False
2719,True,True,True,True
2720,True,True,True,True
2721,True,True,True,True
2722,True,False,True,True
2723,True,True,False,False
2724,True,True,True,True
2725,True,True,True,True
2726,True,True,True,True
2727,True,False,False,False
2728,True,True,True,True
2729,True,True,False,False
2730,True,True,True,True
2731,True,True,True,True
2732,True,True,True,False
2733,True,True,True,True
2734,True,True,True,True
2735,True,True,True,True
2736,True,True,True,True
2737,True,True,True,True
2738,True,True,False,False
2739,True,True,True,True
2740,True,True,False,False
2741,True,True,True,True
2742,True,True,True,True
2743,True,True,True,False
2744,True,True,True,True
2745,True,True,True,True
2746,True,True,True,True
2747,True,True,True,False
2748,True,True,False,False
2749,True,True,True,True
2750,True,True,True,True
2751,True,True,False,False
2752,True,True,True,False
2753,True,True,True,True
2754,True,True,True,True
2755,True,True,True,True
2756,False,True,False,False
2757,True,True,True,True
2758,True,True,True,True
2759,True,True,True,True
2760,True,True,True,True
2761,True,True,True,True
2762,True,True,True,True
2763,True,False,False,True
2764,True,True,True,True
2765,True,True,True,True
2766,True,True,True,True
2767,True,True,False,False
2768,True,True,False,True
2769,True,True,True,True
2770,True,True,True,False
2771,True,True,True,True
2772,True,True,True,True
2773,True,True,True,True
2774,True,True,True,True
2775,True,True,True,True
2776,True,True,True,True
2777,True,False,False,False
2778,True,True,True,True
2779,True,True,True,True
2780,True,True,True,True
2781,True,True,True,False
2782,True,True,True,True
2783,True,True,True,True
2784,True,True,True,False
2785,True,True,True,True
2786,True,True,True,True
2787,True,True,False,False
2788,True,True,True,True
2789,True,True,True,True
2790,True,True,False,False
2791,True,True,True,True
2792,True,True,False,False
2793,True,True,True,True
2794,True,True,True,True
2795,True,True,True,True
2796,True,True,True,True
2797,True,True,True,True
2798,True,True,True,True
2799,True,True,True,True
2800,True,True,False,False
2801,True,True,True,True
2802,True,True,True,True
2803,True,True,True,True
2804,True,True,True,True
2805,True,True,True,True
2806,True,True,False,False
2807,True,True,True,True
2808,True,False,False,False
2809,True,True,False,False
2810,True,True,False,False
2811,True,True,True,True
2812,True,True,True,True
2813,True,False,True,True
2814,True,True,False,False
2815,True,True,True,True
2816,True,True,False,False
2817,True,True,True,False
2818,True,True,True,True
2819,True,True,True,True
2820,True,True,True,True
2821,True,True,True,True
2822,True,True,True,True
2823,True,True,True,True
2824,True,True,True,True
2825,True,False,True,True
2826,True,True,True,True
2827,True,True,True,True
2828,True,True,True,True
2829,True,True,True,True
2830,True,True,True,True
2831,True,True,True,True
2832,True,True,True,True
2833,True,True,False,False
2834,True,True,True,True
2835,True,False,False,False
2836,True,True,False,False
2837,True,True,False,False
2838,True,True,True,False
2839,True,True,False,False
2840,True,True,True,True
2841,True,True,True,False
2842,True,True,True,True
2843,True,True,True,True
2844,True,True,True,True
2845,True,True,True,True
2846,False,True,False,False
2847,True,True,True,True
2848,True,True,True,True
2849,True,True,True,True
2850,True,True,False,False
2851,True,True,True,True
2852,True,True,False,False
2853,True,True,True,True
2854,True,True,True,True
2855,True,True,True,True
2856,True,True,True,True
2857,True,True,True,True
2858,True,True,False,False
2859,True,True,True,True
2860,True,True,True,True
2861,True,True,True,True
2862,True,True,True,True
2863,True,True,True,True
2864,True,True,True,True
2865,True,True,True,True
2866,True,True,True,True
2867,True,True,True,True
2868,True,True,True,True
2869,True,True,False,True
2870,True,True,False,False
2871,True,True,False,False
2872,True,True,False,False
2873,True,True,True,True
2874,True,True,True,True
2875,True,True,True,True
2876,True,True,True,True
2877,True,True,False,False
2878,True,True,False,False
2879,True,True,False,False
2880,True,True,True,True
2881,True,True,True,True
2882,True,True,True,True
2883,True,True,True,True
2884,True,True,True,True
2885,True,True,True,True
2886,True,True,True,True
2887,True,True,True,True
2888,True,True,False,False
2889,True,True,True,True
2890,True,True,True,True
2891,True,True,True,True
2892,True,True,True,True
2893,True,True,True,True
2894,True,True,True,True
2895,True,True,False,False
2896,True,True,True,True
2897,False,False,False,False
2898,True,True,True,True
2899,True,True,True,False
2900,True,True,False,False
2901,True,False,False,False
2902,True,True,False,False
2903,True,True,True,False
2904,True,True,True,True
2905,True,True,True,True
2906,True,True,True,True
2907,True,True,True,True
2908,True,True,True,True
2909,True,False,False,False
2910,True,True,True,True
2911,True,True,True,True
2912,True,True,True,True
2913,True,True,True,True
2914,True,True,True,True
2915,True,True,True,True
2916,True,True,False,False
2917,True,True,True,True
2918,True,True,True,True
2919,True,True,False,False
2920,True,True,True,True
2921,True,False,False,False
2922,True,True,True,True
2923,True,True,True,True
2924,True,False,False,False
2925,True,True,True,True
2926,True,True,False,False
2927,True,True,True,True
2928,True,True,True,True
2929,True,True,True,True
2930,True,True,False,False
2931,True,True,True,True
2932,True,True,True,True
2933,True,True,False,False
2934,True,True,False,False
2935,True,True,True,True
2936,True,True,True,True
2937,True,True,True,True
2938,True,True,True,True
2939,True,True,True,True
2940,True,True,True,True
2941,True,True,True,True
2942,True,True,True,True
2943,True,True,True,False
2944,True,True,True,True
2945,True,True,True,True
2946,False,False,False,False
2947,True,True,True,True
2948,True,True,True,True
2949,True,True,False,False
2950,True,True,True,True
2951,True,True,True,True
2952,True,True,True,True
2953,False,True,False,False
2954,True,True,True,True
2955,True,True,True,True
2956,True,True,False,False
2957,True,True,False,False
2958,True,True,True,True
2959,True,True,True,True
2960,True,True,True,True
2961,True,True,False,False
2962,True,True,True,True
2963,True,True,True,True
2964,True,True,True,False
2965,True,True,True,True
2966,True,True,True,True
2967,True,True,True,True
2968,True,True,True,True
2969,True,True,True,True
2970,True,True,True,True
2971,True,True,True,True
2972,True,True,True,True
2973,True,True,True,True
2974,False,True,False,False
2975,True,True,True,True
2976,False,True,True,True
2977,True,True,True,True
2978,True,True,True,True
2979,True,False,False,False
2980,True,True,False,False
2981,True,True,True,True
2982,True,True,True,True
2983,True,True,False,False
2984,True,True,True,True
2985,True,True,True,True
2986,True,True,False,False
2987,True,True,True,True
2988,True,True,False,False
2989,True,True,True,True
2990,True,True,True,True
2991,True,True,True,True
2992,True,False,False,False
2993,True,True,True,True
2994,True,True,False,False
2995,True,False,False,False
2996,True,True,False,False
2997,True,False,False,False
2998,True,True,True,False
2999,True,False,False,False
3000,True,True,True,True
3001,True,True,False,False
3002,True,True,False,False
3003,True,True,True,True
3004,True,True,True,True
3005,True,True,True,True
3006,True,True,True,True
3007,True,True,True,True
3008,True,True,True,False
3009,True,True,True,True
3010,True,True,True,True
3011,True,True,True,True
3012,True,False,False,False
3013,True,True,True,True
3014,True,True,True,False
3015,True,False,False,False
3016,False,False,False,False
3017,True,True,False,False
3018,True,True,False,False
3019,True,True,True,True
3020,True,True,True,True
3021,True,True,True,True
3022,True,True,True,True
3023,True,True,True,True
3024,True,True,True,True
3025,True,True,True,False
3026,True,True,True,True
3027,True,True,True,True
3028,True,False,False,False
3029,True,True,True,True
3030,True,False,False,False
3031,True,True,True,True
3032,True,True,True,True
3033,False,True,True,True
3034,True,True,True,True
3035,True,True,True,False
3036,True,True,True,True
3037,True,True,True,True
3038,True,True,False,False
3039,True,True,False,True
3040,True,True,True,True
3041,True,True,True,True
3042,True,True,True,True
3043,True,True,True,True
3044,True,True,True,True
3045,True,True,True,True
3046,True,True,True,True
3047,True,True,True,True
3048,True,True,False,False
3049,True,True,True,True
3050,True,True,True,True
3051,True,True,True,True
3052,True,True,True,True
3053,True,True,True,True
3054,True,False,False,False
3055,True,True,True,True
3056,True,True,True,True
3057,True,True,True,True
3058,True,True,True,True
3059,True,True,True,True
3060,True,True,False,False
3061,True,False,False,False
3062,True,True,True,True
3063,True,True,False,False
3064,True,True,False,False
3065,True,False,False,False
3066,True,True,True,True
3067,True,True,True,True
3068,True,True,True,True
3069,True,True,True,False
3070,True,True,True,True
3071,True,True,True,True
3072,True,True,True,True
3073,True,True,True,True
3074,True,True,True,True
3075,True,True,True,True
3076,True,True,False,False
3077,True,True,True,True
3078,True,True,True,True
3079,True,True,True,True
3080,True,True,True,True
3081,True,True,True,True
3082,True,True,True,True
3083,True,True,False,False
3084,True,True,True,True
3085,True,True,True,True
3086,True,True,True,True
3087,True,True,True,True
3088,True,True,True,True
3089,True,True,True,True
3090,True,True,True,True
3091,True,True,True,True
3092,True,True,True,True
3093,True,True,False,False
3094,True,True,True,True
3095,True,True,True,False
3096,True,True,True,True
3097,True,True,True,False
3098,True,True,True,True
3099,True,True,True,True
3100,True,False,False,False
3101,True,True,True,True
3102,True,True,False,False
3103,True,True,True,True
3104,True,True,True,True
3105,True,True,True,True
3106,True,True,True,True
3107,True,True,False,False
3108,True,True,False,False
3109,True,True,True,True
3110,True,True,True,True
3111,True,True,True,True
3112,True,True,True,True
3113,True,True,True,True
3114,True,True,False,False
3115,True,True,True,True
3116,True,True,False,False
3117,True,True,True,True
3118,True,True,True,True
3119,True,True,True,True
3120,True,False,False,False
3121,True,False,False,False
3122,True,True,False,False
3123,True,True,True,True
3124,True,True,True,True
3125,True,True,False,False
3126,True,True,True,True
3127,True,True,True,True
3128,True,True,False,False
3129,True,True,False,False
3130,True,True,True,True
3131,True,True,True,True
3132,True,True,False,False
3133,True,True,True,True
3134,True,True,False,False
3135,True,True,True,True
3136,True,True,True,True
3137,True,True,True,True
3138,True,True,False,False
3139,True,True,True,False
3140,True,True,False,False
3141,True,True,True,True
3142,True,True,True,True
3143,True,True,True,True
3144,True,True,True,True
3145,True,False,False,False
3146,True,True,True,True
3147,True,True,True,False
3148,True,True,True,False
3149,True,True,True,True
3150,True,True,True,True
3151,True,True,True,True
3152,True,True,True,False
3153,True,True,True,True
3154,True,True,True,True
3155,True,True,True,True
3156,True,True,False,False
3157,True,False,True,True
3158,True,True,True,True
3159,True,True,True,True
3160,True,True,False,False
3161,True,True,True,True
3162,True,True,True,True
3163,True,True,False,False
3164,True,True,True,True
3165,True,True,True,True
3166,True,True,True,True
3167,True,True,True,True
3168,True,True,True,True
3169,True,False,True,False
3170,True,True,True,True
3171,True,True,False,False
3172,True,True,True,False
3173,True,True,True,True
3174,True,True,True,True
3175,True,True,True,True
3176,True,True,True,True
3177,True,True,False,False
3178,True,True,True,True
3179,True,True,True,False
3180,True,True,True,False
3181,True,True,True,True
3182,True,False,False,False
3183,True,True,True,True
3184,True,True,True,True
3185,True,True,True,True
3186,True,True,True,False
3187,True,True,True,True
3188,True,True,True,True
3189,True,True,True,True
3190,True,True,True,True
3191,False,False,False,False
3192,True,True,False,False
3193,True,True,True,True
3194,True,True,True,True
3195,True,True,True,True
3196,True,True,True,True
3197,True,True,True,True
3198,True,True,True,True
3199,True,True,True,True
3200,True,True,True,True
3201,True,True,True,True
3202,True,True,True,True
3203,True,True,True,True
3204,True,True,True,True
3205,True,True,True,False
3206,True,True,True,True
3207,True,True,True,True
3208,True,True,True,True
3209,True,True,True,True
3210,True,True,True,True
3211,False,False,False,False
3212,True,False,True,True
3213,True,True,True,True
3214,True,True,True,True
3215,True,True,True,True
3216,True,True,True,True
3217,True,True,False,False
3218,True,True,False,False
3219,True,True,True,True
3220,False,False,False,False
3221,True,True,True,True
3222,True,True,True,True
3223,True,True,True,True
3224,True,True,True,True
3225,True,True,True,True
3226,True,True,True,True
3227,True,False,True,False
3228,True,True,True,True
3229,True,True,True,True
3230,True,True,True,True
3231,False,False,False,False
3232,True,True,False,False
3233,True,True,False,False
3234,True,True,True,True
3235,True,True,False,False
3236,True,False,False,False
3237,True,True,False,False
3238,True,True,True,True
3239,True,True,False,False
3240,True,True,False,False
3241,True,True,False,True
3242,True,True,True,True
3243,True,True,False,False
3244,True,True,False,False
3245,True,True,True,True
3246,True,True,True,True
3247,True,True,True,True
3248,True,True,True,False
3249,True,True,True,True
3250,True,True,True,True
3251,True,True,True,True
3252,True,True,True,True
3253,True,True,False,False
3254,True,True,False,False
3255,True,True,True,True
3256,True,True,True,True
3257,True,False,False,False
3258,True,True,True,False
3259,True,True,True,True
3260,True,True,True,True
3261,True,True,False,False
3262,True,True,False,False
3263,True,True,False,False
3264,True,True,True,False
3265,True,False,False,False
3266,True,True,True,True
3267,True,True,False,False
3268,True,True,True,True
3269,True,True,True,True
3270,True,True,False,False
3271,True,True,True,True
3272,True,True,True,True
3273,True,True,True,True
3274,True,True,True,True
3275,True,True,True,True
3276,True,True,True,True
3277,True,True,False,False
3278,True,False,False,False
3279,True,False,False,False
3280,True,True,True,True
3281,True,True,True,True
3282,True,True,True,True
3283,True,True,False,False
3284,True,True,True,True
3285,True,False,False,False
3286,True,True,True,True
3287,True,True,False,False
3288,True,True,True,True
3289,True,True,True,True
3290,False,True,False,False
3291,True,True,True,True
3292,True,True,True,True
3293,True,True,True,False
3294,True,True,True,True
3295,True,True,True,True
3296,True,True,True,True
3297,True,True,False,False
3298,True,True,True,True
3299,True,True,True,True
3300,True,True,False,False
3301,True,True,False,False
3302,True,True,True,True
3303,True,True,False,True
3304,True,True,True,True
3305,True,True,True,True
3306,True,True,True,True
3307,True,True,True,True
3308,True,True,True,True
3309,True,True,True,True
3310,True,True,True,True
3311,True,True,True,True
3312,True,True,True,True
3313,True,True,False,False
3314,True,True,True,True
3315,True,True,True,True
3316,True,True,False,False
3317,True,True,False,False
3318,True,True,True,True
3319,True,True,False,False
3320,True,True,True,True
3321,True,True,True,True
3322,True,False,False,False
3323,True,True,True,True
3324,True,True,True,True
3325,True,True,True,True
3326,True,True,True,True
3327,True,True,True,True
3328,True,True,True,True
3329,True,True,True,True
3330,True,True,True,True
3331,True,True,True,True
3332,True,False,False,False
3333,True,True,True,True
3334,True,True,True,True
3335,True,False,False,False
3336,True,True,True,True
3337,True,True,True,True
3338,True,False,False,False
3339,True,True,True,True
3340,True,True,False,False
3341,True,False,True,True
3342,True,True,True,True
3343,True,False,False,False
3344,True,True,True,True
3345,True,False,False,False
3346,True,False,True,True
3347,True,True,True,True
3348,True,True,False,True
3349,True,True,False,True
3350,True,True,False,False
3351,False,True,True,True
3352,True,True,True,True
3353,True,True,True,True
3354,True,True,True,True
3355,True,True,True,False
3356,True,True,True,True
3357,True,True,False,False
3358,True,True,False,False
3359,True,True,True,True
3360,True,True,True,True
3361,True,True,True,True
3362,True,True,False,False
3363,True,True,True,True
3364,True,True,True,True
3365,True,True,False,False
3366,True,True,True,True
3367,True,True,True,False
3368,True,True,True,True
3369,True,True,True,True
3370,True,True,True,True
3371,True,True,True,True
3372,True,True,True,True
3373,True,True,True,True
3374,True,True,True,True
3375,True,True,True,True
3376,True,False,False,False
3377,True,True,True,True
3378,True,True,True,True
3379,True,True,False,False
3380,True,True,True,True
3381,True,True,False,False
3382,True,True,True,True
3383,True,True,True,True
3384,True,True,True,True
3385,True,True,True,True
3386,True,True,True,True
3387,True,True,True,True
3388,True,True,True,True
3389,True,True,True,True
3390,True,True,True,True
3391,True,True,False,False
3392,True,True,False,False
3393,True,True,True,True
3394,True,False,False,False
3395,True,True,True,True
3396,True,True,True,True
3397,True,True,True,True
3398,True,True,True,True
3399,False,False,False,False
3400,True,True,True,True
3401,True,True,True,True
3402,True,True,True,True
3403,True,True,True,True
3404,True,True,True,True
3405,True,True,True,True
3406,True,True,True,True
3407,True,True,True,True
3408,True,True,False,False
3409,True,True,True,True
3410,True,True,True,True
3411,True,True,False,False
3412,True,False,False,False
3413,True,True,True,True
3414,True,True,True,True
3415,True,True,False,False
3416,True,True,True,True
3417,True,True,True,True
3418,True,True,True,True
3419,True,True,True,True
3420,True,True,True,True
3421,True,True,True,True
3422,True,True,True,True
3423,True,True,True,True
3424,True,True,True,False
3425,True,True,True,False
3426,True,True,True,True
3427,True,False,False,True
3428,True,True,True,True
3429,True,True,True,True
3430,True,True,False,False
3431,True,True,True,False
3432,True,True,True,True
3433,True,True,False,False
3434,True,True,True,True
3435,True,True,False,False
3436,True,True,False,False
3437,True,True,True,True
3438,True,True,True,True
3439,True,True,True,True
3440,True,True,True,True
3441,True,True,True,True
3442,True,True,False,False
3443,True,True,True,True
3444,True,True,True,True
3445,True,True,True,True
3446,True,True,True,True
3447,True,True,False,False
3448,True,True,True,True
3449,True,True,True,True
3450,True,True,True,True
3451,True,True,True,True
3452,True,True,True,True
3453,True,True,True,True
3454,True,True,True,True
3455,True,True,True,True
3456,True,True,True,True
3457,True,True,True,True
3458,True,True,True,True
3459,True,True,True,True
3460,True,True,True,True
3461,True,True,True,True
3462,True,True,True,True
3463,True,True,True,True
3464,True,True,False,False
3465,True,True,True,True
3466,True,True,True,True
3467,True,True,True,True
3468,True,True,True,True
3469,False,True,False,False
3470,True,True,True,True
3471,True,True,True,True
3472,True,True,True,True
3473,True,True,True,True
3474,True,True,True,True
3475,True,True,True,True
3476,True,True,True,True
3477,True,True,True,True
3478,True,True,True,True
3479,True,True,True,False
3480,True,True,False,False
3481,True,True,True,True
3482,True,True,True,True
3483,True,True,True,True
3484,True,True,False,False
3485,True,True,True,True
3486,True,True,False,False
3487,True,True,False,False
3488,True,True,False,False
3489,True,True,True,True
3490,True,True,True,True
3491,True,True,True,True
3492,True,True,True,True
3493,True,True,True,True
3494,True,True,True,True
3495,True,True,True,True
3496,True,True,True,True
3497,True,False,True,True
3498,True,True,True,True
3499,True,True,True,True
3500,True,True,True,True
3501,True,False,False,False
3502,True,True,False,False
3503,True,True,True,True
3504,True,True,True,True
3505,True,True,True,True
3506,True,False,False,False
3507,True,True,True,True
3508,True,True,True,True
3509,True,True,True,True
3510,True,True,True,True
3511,True,True,True,True
3512,True,True,True,True
3513,True,True,False,False
3514,True,True,True,True
3515,True,True,False,False
3516,True,True,True,True
3517,True,True,True,False
3518,True,True,True,True
3519,True,False,False,False
3520,True,True,True,True
3521,True,True,True,True
3522,True,True,True,True
3523,True,True,True,True
3524,True,True,True,True
3525,True,True,False,False
3526,True,True,True,True
3527,True,True,True,True
3528,True,True,True,True
3529,True,True,False,True
3530,True,True,True,True
3531,True,True,False,False
3532,True,True,True,True
3533,True,True,True,True
3534,True,False,True,True
3535,True,True,True,True
3536,True,True,False,False
3537,True,True,True,True
3538,True,True,True,True
3539,True,False,False,False
3540,True,True,False,False
3541,True,True,True,True
3542,True,True,False,False
3543,True,True,True,True
3544,True,True,False,False
3545,False,True,False,False
3546,True,True,True,True
3547,True,True,True,True
3548,True,True,True,True
3549,True,True,True,True
3550,True,True,True,True
3551,True,True,True,True
3552,True,True,True,True
3553,True,True,True,True
3554,True,True,False,False
3555,True,False,False,False
3556,True,True,True,True
3557,True,True,True,True
3558,True,True,True,True
3559,True,True,True,True
3560,True,True,True,True
3561,True,True,True,True
3562,True,True,True,True
3563,True,True,False,False
3564,True,True,True,True
3565,True,True,True,True
3566,True,True,True,True
3567,False,False,False,False
3568,True,True,False,True
3569,True,True,True,True
3570,True,True,True,True
3571,True,True,True,True
3572,True,True,False,True
3573,True,True,True,True
3574,True,True,True,True
3575,True,True,True,True
3576,True,True,True,True
3577,True,True,True,True
3578,True,True,True,True
3579,True,True,True,True
3580,True,True,True,True
3581,True,True,True,True
3582,True,True,True,True
3583,True,True,True,True
3584,True,True,False,False
3585,True,True,False,False
3586,True,True,True,True
3587,True,True,True,True
3588,True,True,True,True
3589,True,True,True,True
3590,True,True,True,True
3591,True,True,False,False
3592,True,True,False,False
3593,True,True,True,True
3594,True,True,True,True
3595,True,True,True,True
3596,True,False,False,False
3597,True,True,True,True
3598,True,True,True,False
3599,True,True,True,True
3600,True,True,True,True
3601,True,True,True,True
3602,True,True,True,True
3603,True,True,True,False
3604,True,True,False,False
3605,True,True,True,True
3606,True,True,True,True
3607,True,True,True,True
3608,True,True,True,True
3609,True,False,False,True
3610,True,True,True,True
3611,True,True,True,True
3612,True,True,True,True
3613,True,True,True,True
3614,True,False,True,True
3615,True,True,True,True
3616,True,True,True,True
3617,True,True,True,True
3618,True,True,True,True
3619,True,True,False,False
3620,True,True,True,True
3621,True,True,True,True
3622,True,True,True,True
3623,True,True,True,True
3624,True,True,True,True
3625,True,True,True,True
3626,True,True,True,True
3627,True,True,True,True
3628,True,True,True,True
3629,True,False,False,False
3630,True,True,True,True
3631,True,True,True,True
3632,True,True,True,True
3633,True,True,False,False
3634,True,True,True,True
3635,True,True,True,True
3636,True,True,True,True
3637,True,True,True,True
3638,True,True,True,True
3639,True,True,True,True
3640,True,True,True,True
3641,True,True,True,True
3642,True,True,True,True
3643,True,True,True,True
3644,True,True,True,False
3645,True,True,False,False
3646,True,True,True,True
3647,True,True,True,True
3648,True,True,False,False
3649,True,True,True,True
3650,True,True,True,True
3651,True,True,True,True
3652,True,True,True,False
3653,True,False,True,True
3654,True,True,True,True
3655,True,True,True,True
3656,True,True,True,True
3657,True,True,True,True
3658,True,True,False,False
3659,True,False,True,True
3660,True,True,True,True
3661,True,True,False,False
3662,True,True,True,True
3663,True,True,True,True
3664,True,True,True,True
3665,True,True,True,True
3666,True,True,False,False
3667,True,True,True,True
3668,True,True,True,True
3669,True,True,True,True
3670,True,True,True,True
3671,True,True,True,True
3672,True,True,False,False
3673,True,True,True,True
3674,True,True,True,True
3675,True,True,True,True
3676,True,True,True,True
3677,False,False,False,False
3678,True,True,True,True
3679,True,True,False,False
3680,True,True,True,True
3681,True,True,True,True
3682,True,True,True,True
3683,True,True,True,True
3684,True,True,True,True
3685,True,True,True,True
3686,True,True,True,True
3687,True,True,True,True
3688,True,True,True,True
3689,True,True,True,False
3690,True,True,False,False
3691,True,True,False,False
3692,True,True,False,False
3693,True,True,True,True
3694,True,True,True,True
3695,True,True,True,True
3696,True,True,True,True
3697,True,True,True,True
3698,True,True,True,True
3699,True,True,True,True
3700,True,True,True,True
3701,True,True,True,True
3702,True,True,True,True
3703,True,True,True,True
3704,True,True,False,False
3705,True,True,True,True
3706,True,True,False,False
3707,True,True,True,True
3708,True,True,True,True
3709,True,True,True,True
3710,True,True,True,True
3711,True,True,False,False
3712,True,True,True,True
3713,True,True,True,True
3714,True,False,False,False
3715,True,True,True,True
3716,True,True,False,False
3717,False,True,False,True
3718,True,True,True,True
3719,True,False,True,True
3720,True,True,False,False
3721,True,True,True,False
3722,True,True,False,False
3723,True,True,True,True
3724,True,True,True,True
3725,False,True,True,True
3726,True,True,True,True
3727,True,True,True,False
3728,True,False,False,False
3729,True,True,False,False
3730,True,True,False,False
3731,True,True,True,True
3732,True,True,True,True
3733,True,True,True,False
3734,True,True,False,False
3735,True,True,True,True
3736,True,True,False,False
3737,True,True,False,False
3738,True,True,True,True
3739,True,True,True,True
3740,True,True,True,True
3741,True,True,False,False
3742,True,True,True,True
3743,True,True,True,True
3744,True,True,True,True
3745,True,True,False,False
3746,True,True,True,True
3747,True,True,True,True
3748,True,True,False,False
3749,True,True,True,True
3750,True,True,False,True
3751,True,True,True,False
3752,True,True,True,True
3753,True,True,True,True
3754,True,True,True,True
3755,True,True,True,True
3756,True,True,True,True
3757,True,True,False,True
3758,True,True,True,True
3759,True,True,True,True
3760,True,True,True,True
3761,True,True,True,True
3762,True,True,False,False
3763,True,True,True,True
3764,True,True,True,True
3765,True,True,True,True
3766,True,True,True,True
3767,True,True,True,True
3768,True,True,True,True
3769,True,True,True,True
3770,True,True,True,True
3771,True,True,True,True
3772,True,False,False,False
3773,True,True,True,True
3774,True,True,True,True
3775,True,True,True,False
3776,True,True,True,True
3777,True,True,False,False
3778,True,True,True,True
3779,True,True,True,True
3780,True,True,True,True
3781,True,True,True,True
3782,True,True,True,True
3783,True,True,False,False
3784,True,True,True,True
3785,True,True,True,True
3786,True,True,True,True
3787,True,True,False,False
3788,True,True,True,True
3789,True,True,True,True
3790,True,True,True,True
3791,True,True,True,True
3792,True,True,False,False
3793,True,True,True,True
3794,True,True,True,True
3795,True,False,False,False
3796,True,True,False,False
3797,True,True,False,False
3798,True,True,True,True
3799,True,True,True,False
3800,True,True,False,False
3801,True,True,True,True
3802,True,False,True,True
3803,True,True,True,True
3804,True,True,True,True
3805,True,True,False,False
3806,True,True,True,True
3807,True,False,False,True
3808,True,True,True,False
3809,True,True,False,False
3810,True,True,True,True
3811,True,True,True,True
3812,True,True,True,False
3813,True,True,True,True
3814,True,True,True,True
3815,True,True,False,False
3816,True,False,False,False
3817,True,True,True,True
3818,True,True,True,True
3819,True,True,False,False
3820,True,True,False,False
3821,True,True,True,True
3822,True,True,True,True
3823,True,False,False,True
3824,True,True,True,True
3825,True,True,True,True
3826,True,True,True,True
3827,True,True,True,True
3828,True,True,True,True
3829,True,False,False,False
3830,True,True,False,False
3831,True,True,False,False
3832,True,True,False,False
3833,True,True,True,True
3834,True,True,True,True
3835,True,True,True,True
3836,True,True,False,True
3837,True,False,False,False
3838,True,True,True,True
3839,True,True,True,True
3840,True,True,True,True
3841,True,True,True,True
3842,True,True,True,True
3843,True,True,True,True
3844,True,True,True,True
3845,False,False,False,False
3846,True,True,False,False
3847,True,True,True,True
3848,True,True,True,True
3849,True,True,True,True
3850,True,True,True,True
3851,True,True,True,True
3852,True,True,True,True
3853,True,True,False,False
3854,True,False,False,False
3855,True,True,False,False
3856,True,True,True,True
3857,True,True,True,True
3858,True,True,True,True
3859,True,True,False,False
3860,True,True,True,True
3861,True,True,True,True
3862,True,True,True,True
3863,True,True,True,True
3864,True,True,True,True
3865,True,True,False,False
3866,True,True,True,True
3867,True,True,True,True
3868,True,True,True,True
3869,True,True,True,True
3870,True,False,False,False
3871,True,True,True,True
3872,True,True,True,False
3873,True,False,False,False
3874,True,True,True,True
3875,True,True,True,True
3876,True,True,True,True
3877,True,True,True,True
3878,True,True,False,False
3879,True,True,True,True
3880,True,True,True,True
3881,True,False,False,False
3882,True,True,False,False
3883,True,True,True,True
3884,True,True,False,False
3885,True,True,False,False
3886,True,True,False,False
3887,True,True,True,True
3888,True,True,True,True
3889,True,True,True,True
3890,True,True,True,True
3891,True,True,True,True
3892,True,True,False,False
3893,True,True,True,True
3894,True,True,True,True
3895,True,True,True,True
3896,True,True,True,True
3897,True,True,True,True
3898,True,True,True,True
3899,True,True,True,True
3900,True,True,True,True
3901,True,True,True,False
3902,True,True,False,False
3903,True,True,False,False
3904,True,True,True,True
3905,True,True,True,True
3906,True,True,False,False
3907,True,True,True,True
3908,True,False,False,False
3909,True,True,False,False
3910,True,True,True,True
3911,True,True,True,True
3912,True,True,True,True
3913,True,True,False,True
3914,True,False,False,True
3915,True,True,False,False
3916,True,True,True,True
3917,True,True,True,True
3918,True,True,True,True
3919,True,True,False,False
3920,True,True,True,True
3921,True,True,True,True
3922,True,True,True,True
3923,True,True,True,True
3924,True,True,False,False
3925,False,False,False,False
3926,True,True,False,False
3927,True,True,True,True
3928,True,True,True,True
3929,True,True,False,False
3930,True,True,True,True
3931,True,True,True,False
3932,True,True,True,True
3933,True,True,True,True
3934,True,False,False,False
3935,True,True,True,True
3936,True,True,True,True
3937,True,True,True,True
3938,True,True,True,True
3939,True,True,True,True
3940,True,True,True,True
